Algorithm,Size,Type,Time (nanoseconds)
PassPerItem,100,Integer,52823
PassPerItem,100,Integer,50533
PassPerItem,100,Integer,52195
PassPerItem,100,Integer,51989
PassPerItem,100,Integer,53095
PassPerItem,100,Integer,52814
PassPerItem,100,Integer,63620
PassPerItem,100,Integer,53252
PassPerItem,100,Integer,52876
PassPerItem,100,Integer,54012
PassPerItem,100,Integer,52510
PassPerItem,100,Integer,58497
PassPerItem,100,Integer,80103
PassPerItem,100,Integer,80257
PassPerItem,100,Integer,75982
PassPerItem,100,Integer,82585
PassPerItem,100,Integer,66449
PassPerItem,100,Integer,51518
PassPerItem,100,Integer,52786
PassPerItem,100,Integer,52665
PassPerItem,100,Integer,51421
PassPerItem,100,Integer,52814
PassPerItem,100,Integer,52234
PassPerItem,100,Integer,51126
PassPerItem,100,Integer,54040
PassPerItem,100,Integer,52758
PassPerItem,100,Integer,52175
PassPerItem,100,Integer,51945
PassPerItem,100,Integer,53412
PassPerItem,100,Integer,53923
PassPerItem,100,Integer,53705
PassPerItem,100,Integer,53162
PassPerItem,100,Integer,53131
PassPerItem,100,Integer,52678
PassPerItem,100,Integer,52523
PassPerItem,100,Integer,52372
PassPerItem,100,Integer,52025
PassPerItem,100,Integer,54134
PassPerItem,100,Integer,53500
PassPerItem,100,Integer,57819
PassPerItem,100,Integer,50883
PassPerItem,100,Integer,51138
PassPerItem,100,Integer,49637
PassPerItem,100,Integer,52007
PassPerItem,100,Integer,52124
PassPerItem,100,Integer,49031
PassPerItem,100,Integer,50777
PassPerItem,100,Integer,49376
PassPerItem,100,Integer,51226
PassPerItem,100,Integer,49515
PassPerItem,100,Integer,51467
PassPerItem,100,Integer,67872
PassPerItem,100,Integer,53078
PassPerItem,100,Integer,52527
PassPerItem,100,Integer,53809
PassPerItem,100,Integer,50766
PassPerItem,100,Integer,49580
PassPerItem,100,Integer,51438
PassPerItem,100,Integer,72554
PassPerItem,100,Integer,52714
PassPerItem,100,Integer,52364
PassPerItem,100,Integer,52873
PassPerItem,100,Integer,50880
PassPerItem,100,Integer,52027
PassPerItem,100,Integer,64180
PassPerItem,100,Integer,94139
PassPerItem,100,Integer,78816
PassPerItem,100,Integer,81442
PassPerItem,100,Integer,72265
PassPerItem,100,Integer,85396
PassPerItem,100,Integer,52201
PassPerItem,100,Integer,51846
PassPerItem,100,Integer,51961
PassPerItem,100,Integer,50902
PassPerItem,100,Integer,52322
PassPerItem,100,Integer,52901
PassPerItem,100,Integer,54483
PassPerItem,100,Integer,81850
PassPerItem,100,Integer,95505
PassPerItem,100,Integer,52164
PassPerItem,100,Integer,51096
PassPerItem,100,Integer,53395
PassPerItem,100,Integer,53565
PassPerItem,100,Integer,51509
PassPerItem,100,Integer,51640
PassPerItem,100,Integer,50698
PassPerItem,100,Integer,51600
PassPerItem,100,Integer,53656
PassPerItem,100,Integer,53351
PassPerItem,100,Integer,52998
PassPerItem,100,Integer,60741
PassPerItem,100,Integer,74409
PassPerItem,100,Integer,52764
PassPerItem,100,Integer,51180
PassPerItem,100,Integer,53657
PassPerItem,100,Integer,69883
PassPerItem,100,Integer,51169
PassPerItem,100,Integer,50086
PassPerItem,100,Integer,49952
PassPerItem,100,Integer,49347
UntilNoChange,100,Integer,538936
UntilNoChange,100,Integer,515817
UntilNoChange,100,Integer,506317
UntilNoChange,100,Integer,470314
UntilNoChange,100,Integer,462762
UntilNoChange,100,Integer,447215
UntilNoChange,100,Integer,514113
UntilNoChange,100,Integer,201901
UntilNoChange,100,Integer,137674
UntilNoChange,100,Integer,131643
UntilNoChange,100,Integer,114997
UntilNoChange,100,Integer,169465
UntilNoChange,100,Integer,203444
UntilNoChange,100,Integer,212832
UntilNoChange,100,Integer,178706
UntilNoChange,100,Integer,154046
UntilNoChange,100,Integer,138639
UntilNoChange,100,Integer,125612
UntilNoChange,100,Integer,126681
UntilNoChange,100,Integer,125349
UntilNoChange,100,Integer,130753
UntilNoChange,100,Integer,128115
UntilNoChange,100,Integer,131472
UntilNoChange,100,Integer,107843
UntilNoChange,100,Integer,134806
UntilNoChange,100,Integer,115733
UntilNoChange,100,Integer,130317
UntilNoChange,100,Integer,122098
UntilNoChange,100,Integer,129670
UntilNoChange,100,Integer,131986
UntilNoChange,100,Integer,134569
UntilNoChange,100,Integer,124403
UntilNoChange,100,Integer,528206
UntilNoChange,100,Integer,120008
UntilNoChange,100,Integer,126257
UntilNoChange,100,Integer,114195
UntilNoChange,100,Integer,120477
UntilNoChange,100,Integer,125464
UntilNoChange,100,Integer,130261
UntilNoChange,100,Integer,133752
UntilNoChange,100,Integer,116683
UntilNoChange,100,Integer,118376
UntilNoChange,100,Integer,124587
UntilNoChange,100,Integer,124563
UntilNoChange,100,Integer,118817
UntilNoChange,100,Integer,109744
UntilNoChange,100,Integer,121737
UntilNoChange,100,Integer,104979
UntilNoChange,100,Integer,116969
UntilNoChange,100,Integer,107789
UntilNoChange,100,Integer,126431
UntilNoChange,100,Integer,119729
UntilNoChange,100,Integer,122078
UntilNoChange,100,Integer,136627
UntilNoChange,100,Integer,183483
UntilNoChange,100,Integer,130369
UntilNoChange,100,Integer,106739
UntilNoChange,100,Integer,129552
UntilNoChange,100,Integer,133272
UntilNoChange,100,Integer,125739
UntilNoChange,100,Integer,129916
UntilNoChange,100,Integer,112780
UntilNoChange,100,Integer,114316
UntilNoChange,100,Integer,114729
UntilNoChange,100,Integer,156813
UntilNoChange,100,Integer,185672
UntilNoChange,100,Integer,179622
UntilNoChange,100,Integer,190529
UntilNoChange,100,Integer,175606
UntilNoChange,100,Integer,158997
UntilNoChange,100,Integer,156314
UntilNoChange,100,Integer,112885
UntilNoChange,100,Integer,115187
UntilNoChange,100,Integer,121621
UntilNoChange,100,Integer,109893
UntilNoChange,100,Integer,127692
UntilNoChange,100,Integer,685977
UntilNoChange,100,Integer,800698
UntilNoChange,100,Integer,663707
UntilNoChange,100,Integer,516460
UntilNoChange,100,Integer,444121
UntilNoChange,100,Integer,496420
UntilNoChange,100,Integer,538216
UntilNoChange,100,Integer,500339
UntilNoChange,100,Integer,490315
UntilNoChange,100,Integer,548962
UntilNoChange,100,Integer,476945
UntilNoChange,100,Integer,565051
UntilNoChange,100,Integer,522938
UntilNoChange,100,Integer,517682
UntilNoChange,100,Integer,706624
UntilNoChange,100,Integer,699716
UntilNoChange,100,Integer,53139
UntilNoChange,100,Integer,51600
UntilNoChange,100,Integer,57212
UntilNoChange,100,Integer,55829
UntilNoChange,100,Integer,56571
UntilNoChange,100,Integer,52567
UntilNoChange,100,Integer,50310
UntilNoChange,100,Integer,52833
WhileNeeded,100,Integer,387920
WhileNeeded,100,Integer,279024
WhileNeeded,100,Integer,299742
WhileNeeded,100,Integer,288007
WhileNeeded,100,Integer,287965
WhileNeeded,100,Integer,342664
WhileNeeded,100,Integer,293430
WhileNeeded,100,Integer,317831
WhileNeeded,100,Integer,305937
WhileNeeded,100,Integer,307162
WhileNeeded,100,Integer,285747
WhileNeeded,100,Integer,391891
WhileNeeded,100,Integer,507586
WhileNeeded,100,Integer,201772
WhileNeeded,100,Integer,143778
WhileNeeded,100,Integer,71928
WhileNeeded,100,Integer,71953
WhileNeeded,100,Integer,71986
WhileNeeded,100,Integer,73369
WhileNeeded,100,Integer,72804
WhileNeeded,100,Integer,80205
WhileNeeded,100,Integer,80023
WhileNeeded,100,Integer,74298
WhileNeeded,100,Integer,68653
WhileNeeded,100,Integer,86968
WhileNeeded,100,Integer,79003
WhileNeeded,100,Integer,72714
WhileNeeded,100,Integer,71200
WhileNeeded,100,Integer,96369
WhileNeeded,100,Integer,74626
WhileNeeded,100,Integer,74288
WhileNeeded,100,Integer,74048
WhileNeeded,100,Integer,74139
WhileNeeded,100,Integer,72709
WhileNeeded,100,Integer,72511
WhileNeeded,100,Integer,80206
WhileNeeded,100,Integer,70487
WhileNeeded,100,Integer,74779
WhileNeeded,100,Integer,72160
WhileNeeded,100,Integer,68695
WhileNeeded,100,Integer,67640
WhileNeeded,100,Integer,69984
WhileNeeded,100,Integer,69216
WhileNeeded,100,Integer,70925
WhileNeeded,100,Integer,72193
WhileNeeded,100,Integer,65167
WhileNeeded,100,Integer,69484
WhileNeeded,100,Integer,67278
WhileNeeded,100,Integer,68442
WhileNeeded,100,Integer,66837
WhileNeeded,100,Integer,70651
WhileNeeded,100,Integer,72365
WhileNeeded,100,Integer,72002
WhileNeeded,100,Integer,71490
WhileNeeded,100,Integer,101764
WhileNeeded,100,Integer,69167
WhileNeeded,100,Integer,66988
WhileNeeded,100,Integer,75691
WhileNeeded,100,Integer,73591
WhileNeeded,100,Integer,248262
WhileNeeded,100,Integer,76040
WhileNeeded,100,Integer,246373
WhileNeeded,100,Integer,75828
WhileNeeded,100,Integer,323989
WhileNeeded,100,Integer,110954
WhileNeeded,100,Integer,113421
WhileNeeded,100,Integer,113976
WhileNeeded,100,Integer,119159
WhileNeeded,100,Integer,107857
WhileNeeded,100,Integer,83728
WhileNeeded,100,Integer,70946
WhileNeeded,100,Integer,69292
WhileNeeded,100,Integer,69038
WhileNeeded,100,Integer,68604
WhileNeeded,100,Integer,76906
WhileNeeded,100,Integer,72042
WhileNeeded,100,Integer,120663
WhileNeeded,100,Integer,128284
WhileNeeded,100,Integer,72577
WhileNeeded,100,Integer,69314
WhileNeeded,100,Integer,67990
WhileNeeded,100,Integer,74056
WhileNeeded,100,Integer,70740
WhileNeeded,100,Integer,339426
WhileNeeded,100,Integer,314302
WhileNeeded,100,Integer,320894
WhileNeeded,100,Integer,321366
WhileNeeded,100,Integer,365577
WhileNeeded,100,Integer,329815
WhileNeeded,100,Integer,351360
WhileNeeded,100,Integer,472762
WhileNeeded,100,Integer,459172
WhileNeeded,100,Integer,410750
WhileNeeded,100,Integer,289965
WhileNeeded,100,Integer,315694
WhileNeeded,100,Integer,291881
WhileNeeded,100,Integer,311497
WhileNeeded,100,Integer,285030
WhileNeeded,100,Integer,296280
WhileNeeded,100,Integer,287014
PassPerItem,1000,Integer,9940179
PassPerItem,1000,Integer,9660117
PassPerItem,1000,Integer,10270862
PassPerItem,1000,Integer,9851816
PassPerItem,1000,Integer,9683184
PassPerItem,1000,Integer,9737609
PassPerItem,1000,Integer,9644571
PassPerItem,1000,Integer,9409668
PassPerItem,1000,Integer,9272166
PassPerItem,1000,Integer,9338366
PassPerItem,1000,Integer,9345239
PassPerItem,1000,Integer,9209931
PassPerItem,1000,Integer,9505462
PassPerItem,1000,Integer,9186716
PassPerItem,1000,Integer,9229366
PassPerItem,1000,Integer,10129576
PassPerItem,1000,Integer,9716475
PassPerItem,1000,Integer,9653166
PassPerItem,1000,Integer,11081426
PassPerItem,1000,Integer,9551680
PassPerItem,1000,Integer,9949812
PassPerItem,1000,Integer,9716812
PassPerItem,1000,Integer,9711733
PassPerItem,1000,Integer,9670492
PassPerItem,1000,Integer,9738661
PassPerItem,1000,Integer,9646172
PassPerItem,1000,Integer,9655969
PassPerItem,1000,Integer,9595545
PassPerItem,1000,Integer,9564294
PassPerItem,1000,Integer,9631939
PassPerItem,1000,Integer,9561882
PassPerItem,1000,Integer,9591106
PassPerItem,1000,Integer,9541345
PassPerItem,1000,Integer,9542163
PassPerItem,1000,Integer,9546115
PassPerItem,1000,Integer,9606816
PassPerItem,1000,Integer,9590902
PassPerItem,1000,Integer,9548149
PassPerItem,1000,Integer,9606018
PassPerItem,1000,Integer,9594224
PassPerItem,1000,Integer,9735807
PassPerItem,1000,Integer,9590799
PassPerItem,1000,Integer,9591945
PassPerItem,1000,Integer,9231826
PassPerItem,1000,Integer,9588364
PassPerItem,1000,Integer,9641380
PassPerItem,1000,Integer,9552060
PassPerItem,1000,Integer,9552532
PassPerItem,1000,Integer,9979883
PassPerItem,1000,Integer,9699812
PassPerItem,1000,Integer,9631912
PassPerItem,1000,Integer,9606384
PassPerItem,1000,Integer,9571704
PassPerItem,1000,Integer,9299478
PassPerItem,1000,Integer,9196777
PassPerItem,1000,Integer,9237722
PassPerItem,1000,Integer,9669598
PassPerItem,1000,Integer,9553029
PassPerItem,1000,Integer,9558269
PassPerItem,1000,Integer,9739105
PassPerItem,1000,Integer,9596712
PassPerItem,1000,Integer,9594575
PassPerItem,1000,Integer,9577643
PassPerItem,1000,Integer,9633069
PassPerItem,1000,Integer,9639179
PassPerItem,1000,Integer,9618523
PassPerItem,1000,Integer,9590291
PassPerItem,1000,Integer,9581024
PassPerItem,1000,Integer,9614594
PassPerItem,1000,Integer,9575398
PassPerItem,1000,Integer,9578951
PassPerItem,1000,Integer,9525108
PassPerItem,1000,Integer,9643721
PassPerItem,1000,Integer,9535450
PassPerItem,1000,Integer,9571709
PassPerItem,1000,Integer,9630198
PassPerItem,1000,Integer,9597745
PassPerItem,1000,Integer,9574704
PassPerItem,1000,Integer,9606773
PassPerItem,1000,Integer,9553743
PassPerItem,1000,Integer,9642815
PassPerItem,1000,Integer,9567597
PassPerItem,1000,Integer,9169742
PassPerItem,1000,Integer,9223182
PassPerItem,1000,Integer,9273345
PassPerItem,1000,Integer,9302311
PassPerItem,1000,Integer,9700171
PassPerItem,1000,Integer,9585134
PassPerItem,1000,Integer,9560952
PassPerItem,1000,Integer,9607344
PassPerItem,1000,Integer,9605902
PassPerItem,1000,Integer,9544666
PassPerItem,1000,Integer,9559727
PassPerItem,1000,Integer,9559390
PassPerItem,1000,Integer,9336305
PassPerItem,1000,Integer,9197925
PassPerItem,1000,Integer,9180699
PassPerItem,1000,Integer,9457900
PassPerItem,1000,Integer,9221933
PassPerItem,1000,Integer,9391301
UntilNoChange,1000,Integer,9812368
UntilNoChange,1000,Integer,10303140
UntilNoChange,1000,Integer,10195743
UntilNoChange,1000,Integer,10205070
UntilNoChange,1000,Integer,9864282
UntilNoChange,1000,Integer,10066862
UntilNoChange,1000,Integer,10031653
UntilNoChange,1000,Integer,9582904
UntilNoChange,1000,Integer,9451232
UntilNoChange,1000,Integer,9679888
UntilNoChange,1000,Integer,9247571
UntilNoChange,1000,Integer,9485472
UntilNoChange,1000,Integer,9154049
UntilNoChange,1000,Integer,9170109
UntilNoChange,1000,Integer,9606239
UntilNoChange,1000,Integer,10166905
UntilNoChange,1000,Integer,10033896
UntilNoChange,1000,Integer,11621551
UntilNoChange,1000,Integer,9931123
UntilNoChange,1000,Integer,10053618
UntilNoChange,1000,Integer,10977704
UntilNoChange,1000,Integer,10522959
UntilNoChange,1000,Integer,10414683
UntilNoChange,1000,Integer,10673980
UntilNoChange,1000,Integer,10460045
UntilNoChange,1000,Integer,10584760
UntilNoChange,1000,Integer,10269134
UntilNoChange,1000,Integer,9905599
UntilNoChange,1000,Integer,10467965
UntilNoChange,1000,Integer,10474004
UntilNoChange,1000,Integer,10371062
UntilNoChange,1000,Integer,10664369
UntilNoChange,1000,Integer,10315584
UntilNoChange,1000,Integer,10025048
UntilNoChange,1000,Integer,10101633
UntilNoChange,1000,Integer,10195115
UntilNoChange,1000,Integer,10343747
UntilNoChange,1000,Integer,10340107
UntilNoChange,1000,Integer,10251546
UntilNoChange,1000,Integer,10327119
UntilNoChange,1000,Integer,10491004
UntilNoChange,1000,Integer,10136643
UntilNoChange,1000,Integer,10151128
UntilNoChange,1000,Integer,9436014
UntilNoChange,1000,Integer,10411598
UntilNoChange,1000,Integer,10034675
UntilNoChange,1000,Integer,10372248
UntilNoChange,1000,Integer,10266810
UntilNoChange,1000,Integer,10133923
UntilNoChange,1000,Integer,10374778
UntilNoChange,1000,Integer,10467146
UntilNoChange,1000,Integer,10384593
UntilNoChange,1000,Integer,10383917
UntilNoChange,1000,Integer,9991066
UntilNoChange,1000,Integer,9863238
UntilNoChange,1000,Integer,9610179
UntilNoChange,1000,Integer,10326657
UntilNoChange,1000,Integer,10321419
UntilNoChange,1000,Integer,10377568
UntilNoChange,1000,Integer,10240013
UntilNoChange,1000,Integer,10365246
UntilNoChange,1000,Integer,10375826
UntilNoChange,1000,Integer,10165553
UntilNoChange,1000,Integer,10249429
UntilNoChange,1000,Integer,10361446
UntilNoChange,1000,Integer,10124303
UntilNoChange,1000,Integer,10430056
UntilNoChange,1000,Integer,10283012
UntilNoChange,1000,Integer,10231879
UntilNoChange,1000,Integer,10277923
UntilNoChange,1000,Integer,10567700
UntilNoChange,1000,Integer,10272394
UntilNoChange,1000,Integer,9940366
UntilNoChange,1000,Integer,10403859
UntilNoChange,1000,Integer,10107914
UntilNoChange,1000,Integer,10546073
UntilNoChange,1000,Integer,10041573
UntilNoChange,1000,Integer,10272041
UntilNoChange,1000,Integer,10415580
UntilNoChange,1000,Integer,9848491
UntilNoChange,1000,Integer,10488336
UntilNoChange,1000,Integer,10393807
UntilNoChange,1000,Integer,9714620
UntilNoChange,1000,Integer,10005219
UntilNoChange,1000,Integer,9918176
UntilNoChange,1000,Integer,10421353
UntilNoChange,1000,Integer,10626821
UntilNoChange,1000,Integer,10373380
UntilNoChange,1000,Integer,10174929
UntilNoChange,1000,Integer,10158958
UntilNoChange,1000,Integer,10377941
UntilNoChange,1000,Integer,10376730
UntilNoChange,1000,Integer,9941210
UntilNoChange,1000,Integer,10423431
UntilNoChange,1000,Integer,10089311
UntilNoChange,1000,Integer,9809820
UntilNoChange,1000,Integer,9746135
UntilNoChange,1000,Integer,10113957
UntilNoChange,1000,Integer,9904520
UntilNoChange,1000,Integer,9281486
WhileNeeded,1000,Integer,5875867
WhileNeeded,1000,Integer,6102706
WhileNeeded,1000,Integer,5924129
WhileNeeded,1000,Integer,5950602
WhileNeeded,1000,Integer,5807376
WhileNeeded,1000,Integer,5904294
WhileNeeded,1000,Integer,5686083
WhileNeeded,1000,Integer,5698191
WhileNeeded,1000,Integer,5652876
WhileNeeded,1000,Integer,5881858
WhileNeeded,1000,Integer,5612805
WhileNeeded,1000,Integer,5795294
WhileNeeded,1000,Integer,5522892
WhileNeeded,1000,Integer,5515686
WhileNeeded,1000,Integer,5647120
WhileNeeded,1000,Integer,6182904
WhileNeeded,1000,Integer,5833040
WhileNeeded,1000,Integer,5905630
WhileNeeded,1000,Integer,5943911
WhileNeeded,1000,Integer,5725619
WhileNeeded,1000,Integer,5906175
WhileNeeded,1000,Integer,5816689
WhileNeeded,1000,Integer,5867398
WhileNeeded,1000,Integer,5800701
WhileNeeded,1000,Integer,5850887
WhileNeeded,1000,Integer,5836967
WhileNeeded,1000,Integer,5834368
WhileNeeded,1000,Integer,5723793
WhileNeeded,1000,Integer,5771548
WhileNeeded,1000,Integer,5766974
WhileNeeded,1000,Integer,5696224
WhileNeeded,1000,Integer,5788145
WhileNeeded,1000,Integer,5719695
WhileNeeded,1000,Integer,5725220
WhileNeeded,1000,Integer,5687201
WhileNeeded,1000,Integer,5724086
WhileNeeded,1000,Integer,5731807
WhileNeeded,1000,Integer,5702097
WhileNeeded,1000,Integer,5686771
WhileNeeded,1000,Integer,5741371
WhileNeeded,1000,Integer,5773967
WhileNeeded,1000,Integer,5770088
WhileNeeded,1000,Integer,5572404
WhileNeeded,1000,Integer,5483401
WhileNeeded,1000,Integer,5792689
WhileNeeded,1000,Integer,5755032
WhileNeeded,1000,Integer,5747536
WhileNeeded,1000,Integer,5726941
WhileNeeded,1000,Integer,5778466
WhileNeeded,1000,Integer,5795379
WhileNeeded,1000,Integer,5746368
WhileNeeded,1000,Integer,5760660
WhileNeeded,1000,Integer,5719881
WhileNeeded,1000,Integer,5499497
WhileNeeded,1000,Integer,5505896
WhileNeeded,1000,Integer,5755252
WhileNeeded,1000,Integer,5771090
WhileNeeded,1000,Integer,5734490
WhileNeeded,1000,Integer,5768177
WhileNeeded,1000,Integer,5765229
WhileNeeded,1000,Integer,5801182
WhileNeeded,1000,Integer,5733940
WhileNeeded,1000,Integer,5750991
WhileNeeded,1000,Integer,5740126
WhileNeeded,1000,Integer,5808032
WhileNeeded,1000,Integer,5733091
WhileNeeded,1000,Integer,5731834
WhileNeeded,1000,Integer,5803181
WhileNeeded,1000,Integer,5787319
WhileNeeded,1000,Integer,5733089
WhileNeeded,1000,Integer,5768225
WhileNeeded,1000,Integer,5750738
WhileNeeded,1000,Integer,5786007
WhileNeeded,1000,Integer,5745590
WhileNeeded,1000,Integer,5701707
WhileNeeded,1000,Integer,5771121
WhileNeeded,1000,Integer,5720603
WhileNeeded,1000,Integer,5735223
WhileNeeded,1000,Integer,5769744
WhileNeeded,1000,Integer,5679531
WhileNeeded,1000,Integer,5800038
WhileNeeded,1000,Integer,5654763
WhileNeeded,1000,Integer,5496053
WhileNeeded,1000,Integer,5511087
WhileNeeded,1000,Integer,5573145
WhileNeeded,1000,Integer,5744469
WhileNeeded,1000,Integer,5719408
WhileNeeded,1000,Integer,5744683
WhileNeeded,1000,Integer,5724503
WhileNeeded,1000,Integer,5749456
WhileNeeded,1000,Integer,5780798
WhileNeeded,1000,Integer,5715686
WhileNeeded,1000,Integer,5717223
WhileNeeded,1000,Integer,5634625
WhileNeeded,1000,Integer,5568066
WhileNeeded,1000,Integer,5556518
WhileNeeded,1000,Integer,5520474
WhileNeeded,1000,Integer,5514387
WhileNeeded,1000,Integer,5661552
WhileNeeded,1000,Integer,5438497
PassPerItem,5000,Integer,241365684
PassPerItem,5000,Integer,242023537
PassPerItem,5000,Integer,244987415
PassPerItem,5000,Integer,242593025
PassPerItem,5000,Integer,236257899
PassPerItem,5000,Integer,233756289
PassPerItem,5000,Integer,228124982
PassPerItem,5000,Integer,227604298
PassPerItem,5000,Integer,226571276
PassPerItem,5000,Integer,221371564
PassPerItem,5000,Integer,220381251
PassPerItem,5000,Integer,222323062
PassPerItem,5000,Integer,219685544
PassPerItem,5000,Integer,251746263
PassPerItem,5000,Integer,221008787
PassPerItem,5000,Integer,222082565
PassPerItem,5000,Integer,220954737
PassPerItem,5000,Integer,219041001
PassPerItem,5000,Integer,218757955
PassPerItem,5000,Integer,218792318
PassPerItem,5000,Integer,221979678
PassPerItem,5000,Integer,222618305
PassPerItem,5000,Integer,222614111
PassPerItem,5000,Integer,223285876
PassPerItem,5000,Integer,219340797
PassPerItem,5000,Integer,222701683
PassPerItem,5000,Integer,219980821
PassPerItem,5000,Integer,220582017
PassPerItem,5000,Integer,221834521
PassPerItem,5000,Integer,221372281
PassPerItem,5000,Integer,237796162
PassPerItem,5000,Integer,219586955
PassPerItem,5000,Integer,219316135
PassPerItem,5000,Integer,225735330
PassPerItem,5000,Integer,230254214
PassPerItem,5000,Integer,220387787
PassPerItem,5000,Integer,219648166
PassPerItem,5000,Integer,219497300
PassPerItem,5000,Integer,231669315
PassPerItem,5000,Integer,218886051
PassPerItem,5000,Integer,221604849
PassPerItem,5000,Integer,220850579
PassPerItem,5000,Integer,221341844
PassPerItem,5000,Integer,256583931
PassPerItem,5000,Integer,253272681
PassPerItem,5000,Integer,252315620
PassPerItem,5000,Integer,255582122
PassPerItem,5000,Integer,252509868
PassPerItem,5000,Integer,243420184
PassPerItem,5000,Integer,244086987
PassPerItem,5000,Integer,287952509
PassPerItem,5000,Integer,259969797
PassPerItem,5000,Integer,245069458
PassPerItem,5000,Integer,223828946
PassPerItem,5000,Integer,219859625
PassPerItem,5000,Integer,219688166
PassPerItem,5000,Integer,218721534
PassPerItem,5000,Integer,219557233
PassPerItem,5000,Integer,218937091
PassPerItem,5000,Integer,222532110
PassPerItem,5000,Integer,219603400
PassPerItem,5000,Integer,219329071
PassPerItem,5000,Integer,245249264
PassPerItem,5000,Integer,219550620
PassPerItem,5000,Integer,223540385
PassPerItem,5000,Integer,224817411
PassPerItem,5000,Integer,224336074
PassPerItem,5000,Integer,221578619
PassPerItem,5000,Integer,219214313
PassPerItem,5000,Integer,220331030
PassPerItem,5000,Integer,218517075
PassPerItem,5000,Integer,219825820
PassPerItem,5000,Integer,221375045
PassPerItem,5000,Integer,227767491
PassPerItem,5000,Integer,219233796
PassPerItem,5000,Integer,223805760
PassPerItem,5000,Integer,220919958
PassPerItem,5000,Integer,219463661
PassPerItem,5000,Integer,222659705
PassPerItem,5000,Integer,242403181
PassPerItem,5000,Integer,218450072
PassPerItem,5000,Integer,220324518
PassPerItem,5000,Integer,219833426
PassPerItem,5000,Integer,218950375
PassPerItem,5000,Integer,218871657
PassPerItem,5000,Integer,221543000
PassPerItem,5000,Integer,219286685
PassPerItem,5000,Integer,223099270
PassPerItem,5000,Integer,219990473
PassPerItem,5000,Integer,219214391
PassPerItem,5000,Integer,219346564
PassPerItem,5000,Integer,254613250
PassPerItem,5000,Integer,258472585
PassPerItem,5000,Integer,240397244
PassPerItem,5000,Integer,235488478
PassPerItem,5000,Integer,231723708
PassPerItem,5000,Integer,257235541
PassPerItem,5000,Integer,267604662
PassPerItem,5000,Integer,257827800
PassPerItem,5000,Integer,257785072
UntilNoChange,5000,Integer,256145353
UntilNoChange,5000,Integer,265406086
UntilNoChange,5000,Integer,266071990
UntilNoChange,5000,Integer,243906803
UntilNoChange,5000,Integer,247227093
UntilNoChange,5000,Integer,242258254
UntilNoChange,5000,Integer,242162367
UntilNoChange,5000,Integer,241839391
UntilNoChange,5000,Integer,233351147
UntilNoChange,5000,Integer,241350983
UntilNoChange,5000,Integer,229137793
UntilNoChange,5000,Integer,234755479
UntilNoChange,5000,Integer,231391160
UntilNoChange,5000,Integer,235762060
UntilNoChange,5000,Integer,231996150
UntilNoChange,5000,Integer,231752370
UntilNoChange,5000,Integer,231832106
UntilNoChange,5000,Integer,229629218
UntilNoChange,5000,Integer,231128681
UntilNoChange,5000,Integer,232852294
UntilNoChange,5000,Integer,235006214
UntilNoChange,5000,Integer,262956021
UntilNoChange,5000,Integer,226857612
UntilNoChange,5000,Integer,237978484
UntilNoChange,5000,Integer,229501950
UntilNoChange,5000,Integer,236564380
UntilNoChange,5000,Integer,231070904
UntilNoChange,5000,Integer,231445047
UntilNoChange,5000,Integer,230724406
UntilNoChange,5000,Integer,227950811
UntilNoChange,5000,Integer,233865581
UntilNoChange,5000,Integer,232015515
UntilNoChange,5000,Integer,232856578
UntilNoChange,5000,Integer,234125991
UntilNoChange,5000,Integer,230623032
UntilNoChange,5000,Integer,231045003
UntilNoChange,5000,Integer,232246477
UntilNoChange,5000,Integer,234804896
UntilNoChange,5000,Integer,246921514
UntilNoChange,5000,Integer,233309066
UntilNoChange,5000,Integer,231659274
UntilNoChange,5000,Integer,233515800
UntilNoChange,5000,Integer,237367764
UntilNoChange,5000,Integer,270928277
UntilNoChange,5000,Integer,264321470
UntilNoChange,5000,Integer,265130234
UntilNoChange,5000,Integer,267788336
UntilNoChange,5000,Integer,265234108
UntilNoChange,5000,Integer,252011615
UntilNoChange,5000,Integer,245166692
UntilNoChange,5000,Integer,267170528
UntilNoChange,5000,Integer,294343496
UntilNoChange,5000,Integer,239493771
UntilNoChange,5000,Integer,235446295
UntilNoChange,5000,Integer,232006516
UntilNoChange,5000,Integer,231529057
UntilNoChange,5000,Integer,229816299
UntilNoChange,5000,Integer,228665221
UntilNoChange,5000,Integer,229055044
UntilNoChange,5000,Integer,250160347
UntilNoChange,5000,Integer,231583935
UntilNoChange,5000,Integer,231472478
UntilNoChange,5000,Integer,235581300
UntilNoChange,5000,Integer,225384245
UntilNoChange,5000,Integer,233363755
UntilNoChange,5000,Integer,237407598
UntilNoChange,5000,Integer,236153023
UntilNoChange,5000,Integer,234328609
UntilNoChange,5000,Integer,227415302
UntilNoChange,5000,Integer,230345711
UntilNoChange,5000,Integer,253035608
UntilNoChange,5000,Integer,247145864
UntilNoChange,5000,Integer,236334740
UntilNoChange,5000,Integer,231672919
UntilNoChange,5000,Integer,231101085
UntilNoChange,5000,Integer,234781856
UntilNoChange,5000,Integer,226718320
UntilNoChange,5000,Integer,231701557
UntilNoChange,5000,Integer,235528510
UntilNoChange,5000,Integer,230865327
UntilNoChange,5000,Integer,230191522
UntilNoChange,5000,Integer,231807803
UntilNoChange,5000,Integer,232665910
UntilNoChange,5000,Integer,231842769
UntilNoChange,5000,Integer,232468232
UntilNoChange,5000,Integer,235711626
UntilNoChange,5000,Integer,231065385
UntilNoChange,5000,Integer,260570906
UntilNoChange,5000,Integer,230382328
UntilNoChange,5000,Integer,232358366
UntilNoChange,5000,Integer,231196424
UntilNoChange,5000,Integer,271072892
UntilNoChange,5000,Integer,264546023
UntilNoChange,5000,Integer,232456468
UntilNoChange,5000,Integer,247837561
UntilNoChange,5000,Integer,270704742
UntilNoChange,5000,Integer,267517148
UntilNoChange,5000,Integer,273692142
UntilNoChange,5000,Integer,267148979
UntilNoChange,5000,Integer,250464818
WhileNeeded,5000,Integer,154793197
WhileNeeded,5000,Integer,152388743
WhileNeeded,5000,Integer,152309954
WhileNeeded,5000,Integer,146489289
WhileNeeded,5000,Integer,157369862
WhileNeeded,5000,Integer,141762685
WhileNeeded,5000,Integer,140240739
WhileNeeded,5000,Integer,144976900
WhileNeeded,5000,Integer,137559113
WhileNeeded,5000,Integer,137819110
WhileNeeded,5000,Integer,140025236
WhileNeeded,5000,Integer,137261034
WhileNeeded,5000,Integer,137741040
WhileNeeded,5000,Integer,136685921
WhileNeeded,5000,Integer,136215508
WhileNeeded,5000,Integer,137145676
WhileNeeded,5000,Integer,138672223
WhileNeeded,5000,Integer,136097485
WhileNeeded,5000,Integer,135209121
WhileNeeded,5000,Integer,135712659
WhileNeeded,5000,Integer,142311323
WhileNeeded,5000,Integer,136074051
WhileNeeded,5000,Integer,137868612
WhileNeeded,5000,Integer,138294614
WhileNeeded,5000,Integer,138485139
WhileNeeded,5000,Integer,135378594
WhileNeeded,5000,Integer,136307625
WhileNeeded,5000,Integer,135473081
WhileNeeded,5000,Integer,135586679
WhileNeeded,5000,Integer,151067209
WhileNeeded,5000,Integer,136031937
WhileNeeded,5000,Integer,135928804
WhileNeeded,5000,Integer,135494725
WhileNeeded,5000,Integer,142512480
WhileNeeded,5000,Integer,136911204
WhileNeeded,5000,Integer,136735477
WhileNeeded,5000,Integer,135369230
WhileNeeded,5000,Integer,135618799
WhileNeeded,5000,Integer,136070120
WhileNeeded,5000,Integer,135107661
WhileNeeded,5000,Integer,135737116
WhileNeeded,5000,Integer,136504645
WhileNeeded,5000,Integer,158719051
WhileNeeded,5000,Integer,157386679
WhileNeeded,5000,Integer,156897491
WhileNeeded,5000,Integer,156719477
WhileNeeded,5000,Integer,163760471
WhileNeeded,5000,Integer,152869841
WhileNeeded,5000,Integer,150907344
WhileNeeded,5000,Integer,150565867
WhileNeeded,5000,Integer,180580242
WhileNeeded,5000,Integer,158785493
WhileNeeded,5000,Integer,147322007
WhileNeeded,5000,Integer,157166032
WhileNeeded,5000,Integer,135652133
WhileNeeded,5000,Integer,136030770
WhileNeeded,5000,Integer,135382384
WhileNeeded,5000,Integer,136249829
WhileNeeded,5000,Integer,135658436
WhileNeeded,5000,Integer,143751846
WhileNeeded,5000,Integer,136784103
WhileNeeded,5000,Integer,135462052
WhileNeeded,5000,Integer,135274301
WhileNeeded,5000,Integer,135875529
WhileNeeded,5000,Integer,136757998
WhileNeeded,5000,Integer,138630609
WhileNeeded,5000,Integer,136937355
WhileNeeded,5000,Integer,136403212
WhileNeeded,5000,Integer,136073338
WhileNeeded,5000,Integer,139863610
WhileNeeded,5000,Integer,142073342
WhileNeeded,5000,Integer,135227289
WhileNeeded,5000,Integer,142273988
WhileNeeded,5000,Integer,135927342
WhileNeeded,5000,Integer,135818860
WhileNeeded,5000,Integer,137498002
WhileNeeded,5000,Integer,135576416
WhileNeeded,5000,Integer,137071150
WhileNeeded,5000,Integer,145803719
WhileNeeded,5000,Integer,136831770
WhileNeeded,5000,Integer,135283177
WhileNeeded,5000,Integer,135714658
WhileNeeded,5000,Integer,137286917
WhileNeeded,5000,Integer,135668285
WhileNeeded,5000,Integer,135468927
WhileNeeded,5000,Integer,142485024
WhileNeeded,5000,Integer,135648002
WhileNeeded,5000,Integer,136539837
WhileNeeded,5000,Integer,135322794
WhileNeeded,5000,Integer,136881145
WhileNeeded,5000,Integer,153067005
WhileNeeded,5000,Integer,152982939
WhileNeeded,5000,Integer,159922876
WhileNeeded,5000,Integer,145744027
WhileNeeded,5000,Integer,143345009
WhileNeeded,5000,Integer,160832196
WhileNeeded,5000,Integer,158536152
WhileNeeded,5000,Integer,158457007
WhileNeeded,5000,Integer,166471252
WhileNeeded,5000,Integer,155253548
PassPerItem,100,Byte,1086218
PassPerItem,100,Byte,574122
PassPerItem,100,Byte,659551
PassPerItem,100,Byte,586645
PassPerItem,100,Byte,880586
PassPerItem,100,Byte,546700
PassPerItem,100,Byte,156127
PassPerItem,100,Byte,133985
PassPerItem,100,Byte,133807
PassPerItem,100,Byte,130938
PassPerItem,100,Byte,130416
PassPerItem,100,Byte,130978
PassPerItem,100,Byte,127844
PassPerItem,100,Byte,130140
PassPerItem,100,Byte,126943
PassPerItem,100,Byte,131981
PassPerItem,100,Byte,128219
PassPerItem,100,Byte,128511
PassPerItem,100,Byte,129546
PassPerItem,100,Byte,129937
PassPerItem,100,Byte,136918
PassPerItem,100,Byte,131818
PassPerItem,100,Byte,56588
PassPerItem,100,Byte,91231
PassPerItem,100,Byte,58966
PassPerItem,100,Byte,92127
PassPerItem,100,Byte,58294
PassPerItem,100,Byte,57659
PassPerItem,100,Byte,56096
PassPerItem,100,Byte,56348
PassPerItem,100,Byte,70140
PassPerItem,100,Byte,58670
PassPerItem,100,Byte,57960
PassPerItem,100,Byte,56644
PassPerItem,100,Byte,56846
PassPerItem,100,Byte,58013
PassPerItem,100,Byte,56648
PassPerItem,100,Byte,58659
PassPerItem,100,Byte,55972
PassPerItem,100,Byte,56430
PassPerItem,100,Byte,57632
PassPerItem,100,Byte,56532
PassPerItem,100,Byte,55783
PassPerItem,100,Byte,54923
PassPerItem,100,Byte,57060
PassPerItem,100,Byte,57034
PassPerItem,100,Byte,54985
PassPerItem,100,Byte,56014
PassPerItem,100,Byte,56902
PassPerItem,100,Byte,55785
PassPerItem,100,Byte,56806
PassPerItem,100,Byte,57605
PassPerItem,100,Byte,57124
PassPerItem,100,Byte,56477
PassPerItem,100,Byte,56467
PassPerItem,100,Byte,55875
PassPerItem,100,Byte,56664
PassPerItem,100,Byte,57216
PassPerItem,100,Byte,55029
PassPerItem,100,Byte,57557
PassPerItem,100,Byte,55769
PassPerItem,100,Byte,56266
PassPerItem,100,Byte,57826
PassPerItem,100,Byte,56747
PassPerItem,100,Byte,56904
PassPerItem,100,Byte,56416
PassPerItem,100,Byte,56731
PassPerItem,100,Byte,57687
PassPerItem,100,Byte,57794
PassPerItem,100,Byte,75701
PassPerItem,100,Byte,56802
PassPerItem,100,Byte,55155
PassPerItem,100,Byte,57322
PassPerItem,100,Byte,57350
PassPerItem,100,Byte,57891
PassPerItem,100,Byte,55869
PassPerItem,100,Byte,55766
PassPerItem,100,Byte,56908
PassPerItem,100,Byte,55095
PassPerItem,100,Byte,57124
PassPerItem,100,Byte,56764
PassPerItem,100,Byte,55212
PassPerItem,100,Byte,55112
PassPerItem,100,Byte,56916
PassPerItem,100,Byte,55379
PassPerItem,100,Byte,58256
PassPerItem,100,Byte,55906
PassPerItem,100,Byte,55948
PassPerItem,100,Byte,57447
PassPerItem,100,Byte,57107
PassPerItem,100,Byte,56510
PassPerItem,100,Byte,56783
PassPerItem,100,Byte,56010
PassPerItem,100,Byte,54978
PassPerItem,100,Byte,56089
PassPerItem,100,Byte,55729
PassPerItem,100,Byte,54709
PassPerItem,100,Byte,56406
PassPerItem,100,Byte,54438
PassPerItem,100,Byte,56247
UntilNoChange,100,Byte,524721
UntilNoChange,100,Byte,624151
UntilNoChange,100,Byte,585210
UntilNoChange,100,Byte,692779
UntilNoChange,100,Byte,662548
UntilNoChange,100,Byte,521739
UntilNoChange,100,Byte,375484
UntilNoChange,100,Byte,128067
UntilNoChange,100,Byte,127724
UntilNoChange,100,Byte,125411
UntilNoChange,100,Byte,128697
UntilNoChange,100,Byte,126479
UntilNoChange,100,Byte,144805
UntilNoChange,100,Byte,128068
UntilNoChange,100,Byte,119504
UntilNoChange,100,Byte,131271
UntilNoChange,100,Byte,126902
UntilNoChange,100,Byte,124136
UntilNoChange,100,Byte,126236
UntilNoChange,100,Byte,121419
UntilNoChange,100,Byte,133029
UntilNoChange,100,Byte,126758
UntilNoChange,100,Byte,198167
UntilNoChange,100,Byte,197571
UntilNoChange,100,Byte,173632
UntilNoChange,100,Byte,182302
UntilNoChange,100,Byte,131931
UntilNoChange,100,Byte,131061
UntilNoChange,100,Byte,131127
UntilNoChange,100,Byte,142000
UntilNoChange,100,Byte,143489
UntilNoChange,100,Byte,131762
UntilNoChange,100,Byte,134368
UntilNoChange,100,Byte,129572
UntilNoChange,100,Byte,125670
UntilNoChange,100,Byte,130598
UntilNoChange,100,Byte,129381
UntilNoChange,100,Byte,130807
UntilNoChange,100,Byte,120574
UntilNoChange,100,Byte,50834
UntilNoChange,100,Byte,56859
UntilNoChange,100,Byte,50975
UntilNoChange,100,Byte,52125
UntilNoChange,100,Byte,50185
UntilNoChange,100,Byte,53585
UntilNoChange,100,Byte,53059
UntilNoChange,100,Byte,52865
UntilNoChange,100,Byte,51804
UntilNoChange,100,Byte,53134
UntilNoChange,100,Byte,46384
UntilNoChange,100,Byte,53597
UntilNoChange,100,Byte,55834
UntilNoChange,100,Byte,53890
UntilNoChange,100,Byte,50724
UntilNoChange,100,Byte,55721
UntilNoChange,100,Byte,49371
UntilNoChange,100,Byte,51672
UntilNoChange,100,Byte,56451
UntilNoChange,100,Byte,52231
UntilNoChange,100,Byte,54850
UntilNoChange,100,Byte,54808
UntilNoChange,100,Byte,52572
UntilNoChange,100,Byte,52980
UntilNoChange,100,Byte,51489
UntilNoChange,100,Byte,49617
UntilNoChange,100,Byte,50002
UntilNoChange,100,Byte,55326
UntilNoChange,100,Byte,54064
UntilNoChange,100,Byte,51596
UntilNoChange,100,Byte,50497
UntilNoChange,100,Byte,51179
UntilNoChange,100,Byte,50984
UntilNoChange,100,Byte,53325
UntilNoChange,100,Byte,53649
UntilNoChange,100,Byte,55026
UntilNoChange,100,Byte,51282
UntilNoChange,100,Byte,51186
UntilNoChange,100,Byte,51551
UntilNoChange,100,Byte,51832
UntilNoChange,100,Byte,54575
UntilNoChange,100,Byte,51756
UntilNoChange,100,Byte,46994
UntilNoChange,100,Byte,49423
UntilNoChange,100,Byte,52073
UntilNoChange,100,Byte,52993
UntilNoChange,100,Byte,53695
UntilNoChange,100,Byte,55695
UntilNoChange,100,Byte,50287
UntilNoChange,100,Byte,55386
UntilNoChange,100,Byte,56505
UntilNoChange,100,Byte,56334
UntilNoChange,100,Byte,54852
UntilNoChange,100,Byte,51700
UntilNoChange,100,Byte,50274
UntilNoChange,100,Byte,49974
UntilNoChange,100,Byte,53317
UntilNoChange,100,Byte,49406
UntilNoChange,100,Byte,53145
UntilNoChange,100,Byte,47947
UntilNoChange,100,Byte,52055
WhileNeeded,100,Byte,299037
WhileNeeded,100,Byte,326482
WhileNeeded,100,Byte,349311
WhileNeeded,100,Byte,559822
WhileNeeded,100,Byte,319599
WhileNeeded,100,Byte,321382
WhileNeeded,100,Byte,329250
WhileNeeded,100,Byte,325974
WhileNeeded,100,Byte,313055
WhileNeeded,100,Byte,306696
WhileNeeded,100,Byte,304819
WhileNeeded,100,Byte,323688
WhileNeeded,100,Byte,302831
WhileNeeded,100,Byte,308857
WhileNeeded,100,Byte,285826
WhileNeeded,100,Byte,325854
WhileNeeded,100,Byte,318940
WhileNeeded,100,Byte,67763
WhileNeeded,100,Byte,107864
WhileNeeded,100,Byte,115615
WhileNeeded,100,Byte,108864
WhileNeeded,100,Byte,111258
WhileNeeded,100,Byte,175986
WhileNeeded,100,Byte,162446
WhileNeeded,100,Byte,184021
WhileNeeded,100,Byte,111457
WhileNeeded,100,Byte,113568
WhileNeeded,100,Byte,114036
WhileNeeded,100,Byte,129265
WhileNeeded,100,Byte,133113
WhileNeeded,100,Byte,162440
WhileNeeded,100,Byte,114188
WhileNeeded,100,Byte,112963
WhileNeeded,100,Byte,108921
WhileNeeded,100,Byte,113498
WhileNeeded,100,Byte,112739
WhileNeeded,100,Byte,109680
WhileNeeded,100,Byte,112565
WhileNeeded,100,Byte,106978
WhileNeeded,100,Byte,107706
WhileNeeded,100,Byte,113237
WhileNeeded,100,Byte,108455
WhileNeeded,100,Byte,108904
WhileNeeded,100,Byte,106122
WhileNeeded,100,Byte,115462
WhileNeeded,100,Byte,110435
WhileNeeded,100,Byte,40534
WhileNeeded,100,Byte,38371
WhileNeeded,100,Byte,40738
WhileNeeded,100,Byte,37319
WhileNeeded,100,Byte,39613
WhileNeeded,100,Byte,40482
WhileNeeded,100,Byte,42783
WhileNeeded,100,Byte,39084
WhileNeeded,100,Byte,39000
WhileNeeded,100,Byte,38132
WhileNeeded,100,Byte,39667
WhileNeeded,100,Byte,41956
WhileNeeded,100,Byte,37510
WhileNeeded,100,Byte,39836
WhileNeeded,100,Byte,41005
WhileNeeded,100,Byte,38907
WhileNeeded,100,Byte,40790
WhileNeeded,100,Byte,39826
WhileNeeded,100,Byte,39707
WhileNeeded,100,Byte,38596
WhileNeeded,100,Byte,40334
WhileNeeded,100,Byte,41194
WhileNeeded,100,Byte,39986
WhileNeeded,100,Byte,37453
WhileNeeded,100,Byte,40550
WhileNeeded,100,Byte,40221
WhileNeeded,100,Byte,41219
WhileNeeded,100,Byte,40730
WhileNeeded,100,Byte,41317
WhileNeeded,100,Byte,39242
WhileNeeded,100,Byte,40127
WhileNeeded,100,Byte,39725
WhileNeeded,100,Byte,39208
WhileNeeded,100,Byte,41941
WhileNeeded,100,Byte,40494
WhileNeeded,100,Byte,38368
WhileNeeded,100,Byte,37995
WhileNeeded,100,Byte,40471
WhileNeeded,100,Byte,38904
WhileNeeded,100,Byte,41709
WhileNeeded,100,Byte,40567
WhileNeeded,100,Byte,39759
WhileNeeded,100,Byte,40776
WhileNeeded,100,Byte,41697
WhileNeeded,100,Byte,41404
WhileNeeded,100,Byte,41283
WhileNeeded,100,Byte,40112
WhileNeeded,100,Byte,49357
WhileNeeded,100,Byte,38240
WhileNeeded,100,Byte,40751
WhileNeeded,100,Byte,38429
WhileNeeded,100,Byte,40352
WhileNeeded,100,Byte,39576
WhileNeeded,100,Byte,40003
PassPerItem,1000,Byte,10067862
PassPerItem,1000,Byte,9980347
PassPerItem,1000,Byte,10055066
PassPerItem,1000,Byte,9993320
PassPerItem,1000,Byte,9998356
PassPerItem,1000,Byte,9977840
PassPerItem,1000,Byte,9994478
PassPerItem,1000,Byte,10008018
PassPerItem,1000,Byte,10099950
PassPerItem,1000,Byte,9999068
PassPerItem,1000,Byte,9996449
PassPerItem,1000,Byte,10331589
PassPerItem,1000,Byte,10022871
PassPerItem,1000,Byte,10030331
PassPerItem,1000,Byte,10053088
PassPerItem,1000,Byte,10042492
PassPerItem,1000,Byte,9618645
PassPerItem,1000,Byte,10105285
PassPerItem,1000,Byte,10023753
PassPerItem,1000,Byte,10083542
PassPerItem,1000,Byte,10391542
PassPerItem,1000,Byte,10057423
PassPerItem,1000,Byte,10079483
PassPerItem,1000,Byte,10061594
PassPerItem,1000,Byte,10060097
PassPerItem,1000,Byte,10490392
PassPerItem,1000,Byte,10441321
PassPerItem,1000,Byte,10117987
PassPerItem,1000,Byte,9994676
PassPerItem,1000,Byte,10064336
PassPerItem,1000,Byte,10358169
PassPerItem,1000,Byte,10092079
PassPerItem,1000,Byte,10083578
PassPerItem,1000,Byte,10038644
PassPerItem,1000,Byte,10048475
PassPerItem,1000,Byte,9942026
PassPerItem,1000,Byte,10089991
PassPerItem,1000,Byte,10098127
PassPerItem,1000,Byte,10047784
PassPerItem,1000,Byte,10019481
PassPerItem,1000,Byte,9989771
PassPerItem,1000,Byte,10047582
PassPerItem,1000,Byte,10004141
PassPerItem,1000,Byte,10050989
PassPerItem,1000,Byte,10051553
PassPerItem,1000,Byte,10082777
PassPerItem,1000,Byte,10172481
PassPerItem,1000,Byte,10019276
PassPerItem,1000,Byte,9984331
PassPerItem,1000,Byte,10019210
PassPerItem,1000,Byte,10094035
PassPerItem,1000,Byte,10079514
PassPerItem,1000,Byte,10024858
PassPerItem,1000,Byte,10102629
PassPerItem,1000,Byte,10391248
PassPerItem,1000,Byte,10105466
PassPerItem,1000,Byte,10896496
PassPerItem,1000,Byte,10531690
PassPerItem,1000,Byte,10643256
PassPerItem,1000,Byte,10589397
PassPerItem,1000,Byte,10600125
PassPerItem,1000,Byte,10571452
PassPerItem,1000,Byte,10629975
PassPerItem,1000,Byte,11620739
PassPerItem,1000,Byte,12514115
PassPerItem,1000,Byte,11640050
PassPerItem,1000,Byte,10815985
PassPerItem,1000,Byte,25477706
PassPerItem,1000,Byte,10878001
PassPerItem,1000,Byte,13222468
PassPerItem,1000,Byte,11416829
PassPerItem,1000,Byte,10605621
PassPerItem,1000,Byte,11402693
PassPerItem,1000,Byte,11322088
PassPerItem,1000,Byte,10584718
PassPerItem,1000,Byte,12751758
PassPerItem,1000,Byte,10846990
PassPerItem,1000,Byte,12473438
PassPerItem,1000,Byte,10837476
PassPerItem,1000,Byte,10988879
PassPerItem,1000,Byte,11053326
PassPerItem,1000,Byte,11189767
PassPerItem,1000,Byte,12389048
PassPerItem,1000,Byte,12040246
PassPerItem,1000,Byte,12369199
PassPerItem,1000,Byte,12061899
PassPerItem,1000,Byte,10570809
PassPerItem,1000,Byte,11348555
PassPerItem,1000,Byte,10910456
PassPerItem,1000,Byte,10963158
PassPerItem,1000,Byte,10460935
PassPerItem,1000,Byte,10963955
PassPerItem,1000,Byte,10483228
PassPerItem,1000,Byte,10448066
PassPerItem,1000,Byte,10291573
PassPerItem,1000,Byte,10030527
PassPerItem,1000,Byte,10507398
PassPerItem,1000,Byte,10028414
PassPerItem,1000,Byte,15682475
PassPerItem,1000,Byte,10346999
UntilNoChange,1000,Byte,10257136
UntilNoChange,1000,Byte,9742027
UntilNoChange,1000,Byte,9927451
UntilNoChange,1000,Byte,9811140
UntilNoChange,1000,Byte,10122623
UntilNoChange,1000,Byte,9612903
UntilNoChange,1000,Byte,9625515
UntilNoChange,1000,Byte,9847161
UntilNoChange,1000,Byte,9927510
UntilNoChange,1000,Byte,9960462
UntilNoChange,1000,Byte,9730547
UntilNoChange,1000,Byte,10289252
UntilNoChange,1000,Byte,9679874
UntilNoChange,1000,Byte,10172966
UntilNoChange,1000,Byte,10160141
UntilNoChange,1000,Byte,10238813
UntilNoChange,1000,Byte,9475569
UntilNoChange,1000,Byte,9751703
UntilNoChange,1000,Byte,9966120
UntilNoChange,1000,Byte,10269241
UntilNoChange,1000,Byte,9664738
UntilNoChange,1000,Byte,10021758
UntilNoChange,1000,Byte,10221246
UntilNoChange,1000,Byte,10123755
UntilNoChange,1000,Byte,9849103
UntilNoChange,1000,Byte,10375713
UntilNoChange,1000,Byte,9991422
UntilNoChange,1000,Byte,9986826
UntilNoChange,1000,Byte,10212165
UntilNoChange,1000,Byte,10104185
UntilNoChange,1000,Byte,10142932
UntilNoChange,1000,Byte,9884312
UntilNoChange,1000,Byte,10256042
UntilNoChange,1000,Byte,9864340
UntilNoChange,1000,Byte,10169939
UntilNoChange,1000,Byte,9724030
UntilNoChange,1000,Byte,9728505
UntilNoChange,1000,Byte,10197079
UntilNoChange,1000,Byte,10210643
UntilNoChange,1000,Byte,9802370
UntilNoChange,1000,Byte,9825011
UntilNoChange,1000,Byte,10154733
UntilNoChange,1000,Byte,9404276
UntilNoChange,1000,Byte,9967403
UntilNoChange,1000,Byte,9967131
UntilNoChange,1000,Byte,10327038
UntilNoChange,1000,Byte,10393544
UntilNoChange,1000,Byte,10013987
UntilNoChange,1000,Byte,10114522
UntilNoChange,1000,Byte,10004914
UntilNoChange,1000,Byte,9979369
UntilNoChange,1000,Byte,9830681
UntilNoChange,1000,Byte,9894438
UntilNoChange,1000,Byte,9947794
UntilNoChange,1000,Byte,9951507
UntilNoChange,1000,Byte,9936917
UntilNoChange,1000,Byte,10494529
UntilNoChange,1000,Byte,10604126
UntilNoChange,1000,Byte,10777645
UntilNoChange,1000,Byte,10457510
UntilNoChange,1000,Byte,10919986
UntilNoChange,1000,Byte,11273207
UntilNoChange,1000,Byte,10935409
UntilNoChange,1000,Byte,13074271
UntilNoChange,1000,Byte,11344811
UntilNoChange,1000,Byte,10495599
UntilNoChange,1000,Byte,11145479
UntilNoChange,1000,Byte,10738036
UntilNoChange,1000,Byte,12847358
UntilNoChange,1000,Byte,13120640
UntilNoChange,1000,Byte,10929952
UntilNoChange,1000,Byte,11376630
UntilNoChange,1000,Byte,11103368
UntilNoChange,1000,Byte,10551258
UntilNoChange,1000,Byte,11065925
UntilNoChange,1000,Byte,11112267
UntilNoChange,1000,Byte,10839794
UntilNoChange,1000,Byte,11213488
UntilNoChange,1000,Byte,10731006
UntilNoChange,1000,Byte,10700768
UntilNoChange,1000,Byte,10695200
UntilNoChange,1000,Byte,10968858
UntilNoChange,1000,Byte,11865749
UntilNoChange,1000,Byte,12224597
UntilNoChange,1000,Byte,11966476
UntilNoChange,1000,Byte,10992852
UntilNoChange,1000,Byte,11112934
UntilNoChange,1000,Byte,11443105
UntilNoChange,1000,Byte,10841247
UntilNoChange,1000,Byte,10769428
UntilNoChange,1000,Byte,11241414
UntilNoChange,1000,Byte,10486133
UntilNoChange,1000,Byte,11043116
UntilNoChange,1000,Byte,10247233
UntilNoChange,1000,Byte,9899015
UntilNoChange,1000,Byte,9773800
UntilNoChange,1000,Byte,10094074
UntilNoChange,1000,Byte,12243446
UntilNoChange,1000,Byte,10100803
UntilNoChange,1000,Byte,11106373
WhileNeeded,1000,Byte,5699576
WhileNeeded,1000,Byte,5556069
WhileNeeded,1000,Byte,5652247
WhileNeeded,1000,Byte,5576028
WhileNeeded,1000,Byte,5635192
WhileNeeded,1000,Byte,5597243
WhileNeeded,1000,Byte,5557271
WhileNeeded,1000,Byte,5614750
WhileNeeded,1000,Byte,5666853
WhileNeeded,1000,Byte,5638008
WhileNeeded,1000,Byte,5622618
WhileNeeded,1000,Byte,5620098
WhileNeeded,1000,Byte,5949064
WhileNeeded,1000,Byte,5675473
WhileNeeded,1000,Byte,5666897
WhileNeeded,1000,Byte,5515212
WhileNeeded,1000,Byte,5389328
WhileNeeded,1000,Byte,5624726
WhileNeeded,1000,Byte,5696448
WhileNeeded,1000,Byte,5666303
WhileNeeded,1000,Byte,5580139
WhileNeeded,1000,Byte,5651116
WhileNeeded,1000,Byte,5686195
WhileNeeded,1000,Byte,5659577
WhileNeeded,1000,Byte,5873390
WhileNeeded,1000,Byte,5884415
WhileNeeded,1000,Byte,5845451
WhileNeeded,1000,Byte,5665785
WhileNeeded,1000,Byte,5660025
WhileNeeded,1000,Byte,5813974
WhileNeeded,1000,Byte,5667612
WhileNeeded,1000,Byte,5688784
WhileNeeded,1000,Byte,5708445
WhileNeeded,1000,Byte,5630173
WhileNeeded,1000,Byte,5642848
WhileNeeded,1000,Byte,5613730
WhileNeeded,1000,Byte,5651615
WhileNeeded,1000,Byte,5637508
WhileNeeded,1000,Byte,5667604
WhileNeeded,1000,Byte,5513710
WhileNeeded,1000,Byte,5572160
WhileNeeded,1000,Byte,5699527
WhileNeeded,1000,Byte,5574151
WhileNeeded,1000,Byte,5630920
WhileNeeded,1000,Byte,5648479
WhileNeeded,1000,Byte,5656993
WhileNeeded,1000,Byte,5651329
WhileNeeded,1000,Byte,5649914
WhileNeeded,1000,Byte,5632229
WhileNeeded,1000,Byte,5593923
WhileNeeded,1000,Byte,5646059
WhileNeeded,1000,Byte,5633997
WhileNeeded,1000,Byte,5617325
WhileNeeded,1000,Byte,5682861
WhileNeeded,1000,Byte,5638266
WhileNeeded,1000,Byte,5649691
WhileNeeded,1000,Byte,6032658
WhileNeeded,1000,Byte,5917782
WhileNeeded,1000,Byte,5918594
WhileNeeded,1000,Byte,5943757
WhileNeeded,1000,Byte,5992317
WhileNeeded,1000,Byte,6581386
WhileNeeded,1000,Byte,5978916
WhileNeeded,1000,Byte,6032611
WhileNeeded,1000,Byte,6830558
WhileNeeded,1000,Byte,6631721
WhileNeeded,1000,Byte,7686557
WhileNeeded,1000,Byte,5909628
WhileNeeded,1000,Byte,6608044
WhileNeeded,1000,Byte,6063428
WhileNeeded,1000,Byte,6866164
WhileNeeded,1000,Byte,5980013
WhileNeeded,1000,Byte,6014612
WhileNeeded,1000,Byte,6972878
WhileNeeded,1000,Byte,5950688
WhileNeeded,1000,Byte,5847117
WhileNeeded,1000,Byte,5836118
WhileNeeded,1000,Byte,6401549
WhileNeeded,1000,Byte,6100597
WhileNeeded,1000,Byte,6015025
WhileNeeded,1000,Byte,6356226
WhileNeeded,1000,Byte,6095429
WhileNeeded,1000,Byte,6595518
WhileNeeded,1000,Byte,6630737
WhileNeeded,1000,Byte,6645063
WhileNeeded,1000,Byte,6326457
WhileNeeded,1000,Byte,6480846
WhileNeeded,1000,Byte,5838425
WhileNeeded,1000,Byte,6601113
WhileNeeded,1000,Byte,6483577
WhileNeeded,1000,Byte,5798100
WhileNeeded,1000,Byte,6351043
WhileNeeded,1000,Byte,5722662
WhileNeeded,1000,Byte,5608142
WhileNeeded,1000,Byte,5724878
WhileNeeded,1000,Byte,5632720
WhileNeeded,1000,Byte,6069235
WhileNeeded,1000,Byte,9713907
WhileNeeded,1000,Byte,6139768
WhileNeeded,1000,Byte,5706966
PassPerItem,5000,Byte,239315441
PassPerItem,5000,Byte,218716715
PassPerItem,5000,Byte,237249307
PassPerItem,5000,Byte,247947763
PassPerItem,5000,Byte,255760611
PassPerItem,5000,Byte,251945780
PassPerItem,5000,Byte,275246846
PassPerItem,5000,Byte,252839783
PassPerItem,5000,Byte,249922373
PassPerItem,5000,Byte,238943375
PassPerItem,5000,Byte,260054779
PassPerItem,5000,Byte,253924533
PassPerItem,5000,Byte,250167462
PassPerItem,5000,Byte,220501916
PassPerItem,5000,Byte,220508905
PassPerItem,5000,Byte,220982722
PassPerItem,5000,Byte,222917041
PassPerItem,5000,Byte,219752133
PassPerItem,5000,Byte,216471813
PassPerItem,5000,Byte,219414688
PassPerItem,5000,Byte,216735522
PassPerItem,5000,Byte,219902904
PassPerItem,5000,Byte,220317375
PassPerItem,5000,Byte,220799287
PassPerItem,5000,Byte,217076325
PassPerItem,5000,Byte,216418487
PassPerItem,5000,Byte,216901237
PassPerItem,5000,Byte,244347167
PassPerItem,5000,Byte,220943189
PassPerItem,5000,Byte,219110657
PassPerItem,5000,Byte,218449477
PassPerItem,5000,Byte,216995337
PassPerItem,5000,Byte,216689961
PassPerItem,5000,Byte,218919082
PassPerItem,5000,Byte,219795005
PassPerItem,5000,Byte,227850333
PassPerItem,5000,Byte,219977235
PassPerItem,5000,Byte,220109933
PassPerItem,5000,Byte,216866464
PassPerItem,5000,Byte,219542841
PassPerItem,5000,Byte,221502153
PassPerItem,5000,Byte,220208459
PassPerItem,5000,Byte,218412174
PassPerItem,5000,Byte,217835526
PassPerItem,5000,Byte,228770017
PassPerItem,5000,Byte,219586624
PassPerItem,5000,Byte,220923657
PassPerItem,5000,Byte,221614148
PassPerItem,5000,Byte,217412203
PassPerItem,5000,Byte,219896715
PassPerItem,5000,Byte,221707061
PassPerItem,5000,Byte,220799075
PassPerItem,5000,Byte,220759476
PassPerItem,5000,Byte,236914851
PassPerItem,5000,Byte,216771056
PassPerItem,5000,Byte,216419892
PassPerItem,5000,Byte,217836320
PassPerItem,5000,Byte,218541837
PassPerItem,5000,Byte,220020034
PassPerItem,5000,Byte,219816930
PassPerItem,5000,Byte,218040122
PassPerItem,5000,Byte,216661605
PassPerItem,5000,Byte,216781301
PassPerItem,5000,Byte,220438808
PassPerItem,5000,Byte,220419403
PassPerItem,5000,Byte,220329852
PassPerItem,5000,Byte,219150035
PassPerItem,5000,Byte,216710351
PassPerItem,5000,Byte,225027528
PassPerItem,5000,Byte,226798458
PassPerItem,5000,Byte,244298529
PassPerItem,5000,Byte,223747418
PassPerItem,5000,Byte,224436033
PassPerItem,5000,Byte,217115330
PassPerItem,5000,Byte,221928992
PassPerItem,5000,Byte,222842856
PassPerItem,5000,Byte,220826018
PassPerItem,5000,Byte,219252834
PassPerItem,5000,Byte,216936931
PassPerItem,5000,Byte,216947399
PassPerItem,5000,Byte,219614441
PassPerItem,5000,Byte,220918499
PassPerItem,5000,Byte,220986187
PassPerItem,5000,Byte,217383780
PassPerItem,5000,Byte,218730164
PassPerItem,5000,Byte,217137537
PassPerItem,5000,Byte,218294497
PassPerItem,5000,Byte,251156374
PassPerItem,5000,Byte,219768019
PassPerItem,5000,Byte,220219873
PassPerItem,5000,Byte,219132774
PassPerItem,5000,Byte,220631870
PassPerItem,5000,Byte,218262049
PassPerItem,5000,Byte,221263189
PassPerItem,5000,Byte,222033452
PassPerItem,5000,Byte,249359631
PassPerItem,5000,Byte,250574762
PassPerItem,5000,Byte,221484026
PassPerItem,5000,Byte,219702639
PassPerItem,5000,Byte,220500222
UntilNoChange,5000,Byte,235451625
UntilNoChange,5000,Byte,229086571
UntilNoChange,5000,Byte,237124109
UntilNoChange,5000,Byte,258141097
UntilNoChange,5000,Byte,259738480
UntilNoChange,5000,Byte,255129922
UntilNoChange,5000,Byte,267482761
UntilNoChange,5000,Byte,261700966
UntilNoChange,5000,Byte,250677296
UntilNoChange,5000,Byte,251759827
UntilNoChange,5000,Byte,299524325
UntilNoChange,5000,Byte,260286763
UntilNoChange,5000,Byte,237139903
UntilNoChange,5000,Byte,231821879
UntilNoChange,5000,Byte,229640761
UntilNoChange,5000,Byte,222659441
UntilNoChange,5000,Byte,223097774
UntilNoChange,5000,Byte,225569276
UntilNoChange,5000,Byte,249929287
UntilNoChange,5000,Byte,229756610
UntilNoChange,5000,Byte,228574458
UntilNoChange,5000,Byte,221121313
UntilNoChange,5000,Byte,222979064
UntilNoChange,5000,Byte,226512128
UntilNoChange,5000,Byte,230282785
UntilNoChange,5000,Byte,225741295
UntilNoChange,5000,Byte,228755177
UntilNoChange,5000,Byte,231601587
UntilNoChange,5000,Byte,224559876
UntilNoChange,5000,Byte,221928350
UntilNoChange,5000,Byte,223210259
UntilNoChange,5000,Byte,228717642
UntilNoChange,5000,Byte,228424913
UntilNoChange,5000,Byte,228870450
UntilNoChange,5000,Byte,222255510
UntilNoChange,5000,Byte,233498770
UntilNoChange,5000,Byte,226141039
UntilNoChange,5000,Byte,229109936
UntilNoChange,5000,Byte,229198080
UntilNoChange,5000,Byte,225860348
UntilNoChange,5000,Byte,227344612
UntilNoChange,5000,Byte,224499593
UntilNoChange,5000,Byte,223956231
UntilNoChange,5000,Byte,229558465
UntilNoChange,5000,Byte,245137410
UntilNoChange,5000,Byte,223879961
UntilNoChange,5000,Byte,225701792
UntilNoChange,5000,Byte,227242291
UntilNoChange,5000,Byte,225796625
UntilNoChange,5000,Byte,225965374
UntilNoChange,5000,Byte,230731406
UntilNoChange,5000,Byte,225018036
UntilNoChange,5000,Byte,226378548
UntilNoChange,5000,Byte,226035426
UntilNoChange,5000,Byte,227083296
UntilNoChange,5000,Byte,229660731
UntilNoChange,5000,Byte,228884509
UntilNoChange,5000,Byte,224670874
UntilNoChange,5000,Byte,226727106
UntilNoChange,5000,Byte,226232520
UntilNoChange,5000,Byte,223032113
UntilNoChange,5000,Byte,254127846
UntilNoChange,5000,Byte,228799953
UntilNoChange,5000,Byte,225334785
UntilNoChange,5000,Byte,226296715
UntilNoChange,5000,Byte,226053736
UntilNoChange,5000,Byte,226530230
UntilNoChange,5000,Byte,235042892
UntilNoChange,5000,Byte,241723538
UntilNoChange,5000,Byte,233413766
UntilNoChange,5000,Byte,226288197
UntilNoChange,5000,Byte,231407968
UntilNoChange,5000,Byte,233859322
UntilNoChange,5000,Byte,233200693
UntilNoChange,5000,Byte,228708389
UntilNoChange,5000,Byte,224442344
UntilNoChange,5000,Byte,223666840
UntilNoChange,5000,Byte,225409819
UntilNoChange,5000,Byte,254147288
UntilNoChange,5000,Byte,228217454
UntilNoChange,5000,Byte,229157821
UntilNoChange,5000,Byte,226786802
UntilNoChange,5000,Byte,223603780
UntilNoChange,5000,Byte,223864491
UntilNoChange,5000,Byte,237169397
UntilNoChange,5000,Byte,226690257
UntilNoChange,5000,Byte,223865881
UntilNoChange,5000,Byte,223623448
UntilNoChange,5000,Byte,223681424
UntilNoChange,5000,Byte,226198608
UntilNoChange,5000,Byte,230272507
UntilNoChange,5000,Byte,229624776
UntilNoChange,5000,Byte,224565981
UntilNoChange,5000,Byte,227265238
UntilNoChange,5000,Byte,257274883
UntilNoChange,5000,Byte,258914998
UntilNoChange,5000,Byte,254409924
UntilNoChange,5000,Byte,228979533
UntilNoChange,5000,Byte,224756291
UntilNoChange,5000,Byte,223558189
WhileNeeded,5000,Byte,136209012
WhileNeeded,5000,Byte,143787252
WhileNeeded,5000,Byte,152251701
WhileNeeded,5000,Byte,152790238
WhileNeeded,5000,Byte,153470200
WhileNeeded,5000,Byte,152484424
WhileNeeded,5000,Byte,153073273
WhileNeeded,5000,Byte,154088215
WhileNeeded,5000,Byte,141856426
WhileNeeded,5000,Byte,156419460
WhileNeeded,5000,Byte,159040652
WhileNeeded,5000,Byte,152988860
WhileNeeded,5000,Byte,133149336
WhileNeeded,5000,Byte,132077120
WhileNeeded,5000,Byte,131806588
WhileNeeded,5000,Byte,131466461
WhileNeeded,5000,Byte,132526617
WhileNeeded,5000,Byte,136334358
WhileNeeded,5000,Byte,137546848
WhileNeeded,5000,Byte,132082861
WhileNeeded,5000,Byte,131206221
WhileNeeded,5000,Byte,130591057
WhileNeeded,5000,Byte,132667435
WhileNeeded,5000,Byte,134670158
WhileNeeded,5000,Byte,135776223
WhileNeeded,5000,Byte,132078863
WhileNeeded,5000,Byte,134547153
WhileNeeded,5000,Byte,131984859
WhileNeeded,5000,Byte,132033764
WhileNeeded,5000,Byte,134994897
WhileNeeded,5000,Byte,132712239
WhileNeeded,5000,Byte,133442701
WhileNeeded,5000,Byte,133135726
WhileNeeded,5000,Byte,131149048
WhileNeeded,5000,Byte,131943678
WhileNeeded,5000,Byte,152958152
WhileNeeded,5000,Byte,133820308
WhileNeeded,5000,Byte,132960158
WhileNeeded,5000,Byte,133278381
WhileNeeded,5000,Byte,133405773
WhileNeeded,5000,Byte,131611835
WhileNeeded,5000,Byte,134889936
WhileNeeded,5000,Byte,133766902
WhileNeeded,5000,Byte,131838277
WhileNeeded,5000,Byte,131721569
WhileNeeded,5000,Byte,131653974
WhileNeeded,5000,Byte,131956932
WhileNeeded,5000,Byte,134340064
WhileNeeded,5000,Byte,133658620
WhileNeeded,5000,Byte,131969357
WhileNeeded,5000,Byte,132919329
WhileNeeded,5000,Byte,131866684
WhileNeeded,5000,Byte,144976774
WhileNeeded,5000,Byte,135598584
WhileNeeded,5000,Byte,133426734
WhileNeeded,5000,Byte,131738775
WhileNeeded,5000,Byte,131424447
WhileNeeded,5000,Byte,133046991
WhileNeeded,5000,Byte,131348286
WhileNeeded,5000,Byte,133427315
WhileNeeded,5000,Byte,134971618
WhileNeeded,5000,Byte,134245821
WhileNeeded,5000,Byte,131822849
WhileNeeded,5000,Byte,132021183
WhileNeeded,5000,Byte,133368430
WhileNeeded,5000,Byte,134762258
WhileNeeded,5000,Byte,136248374
WhileNeeded,5000,Byte,138239903
WhileNeeded,5000,Byte,136762312
WhileNeeded,5000,Byte,140005245
WhileNeeded,5000,Byte,137996517
WhileNeeded,5000,Byte,139092436
WhileNeeded,5000,Byte,132709295
WhileNeeded,5000,Byte,136404564
WhileNeeded,5000,Byte,133957375
WhileNeeded,5000,Byte,133583882
WhileNeeded,5000,Byte,136025003
WhileNeeded,5000,Byte,136563447
WhileNeeded,5000,Byte,135282784
WhileNeeded,5000,Byte,132357278
WhileNeeded,5000,Byte,132587190
WhileNeeded,5000,Byte,132210957
WhileNeeded,5000,Byte,133658791
WhileNeeded,5000,Byte,137323725
WhileNeeded,5000,Byte,132185302
WhileNeeded,5000,Byte,131879891
WhileNeeded,5000,Byte,131812635
WhileNeeded,5000,Byte,131745517
WhileNeeded,5000,Byte,133509925
WhileNeeded,5000,Byte,134703172
WhileNeeded,5000,Byte,134262661
WhileNeeded,5000,Byte,131949874
WhileNeeded,5000,Byte,131630493
WhileNeeded,5000,Byte,131565469
WhileNeeded,5000,Byte,151037305
WhileNeeded,5000,Byte,152122454
WhileNeeded,5000,Byte,132475532
WhileNeeded,5000,Byte,131883756
WhileNeeded,5000,Byte,133351977
WhileNeeded,5000,Byte,133619615
PassPerItem,100,String,8101433
PassPerItem,100,String,292376
PassPerItem,100,String,240978
PassPerItem,100,String,246812
PassPerItem,100,String,240033
PassPerItem,100,String,248030
PassPerItem,100,String,241629
PassPerItem,100,String,349783
PassPerItem,100,String,387954
PassPerItem,100,String,393255
PassPerItem,100,String,344091
PassPerItem,100,String,291040
PassPerItem,100,String,239211
PassPerItem,100,String,239317
PassPerItem,100,String,238478
PassPerItem,100,String,241056
PassPerItem,100,String,239551
PassPerItem,100,String,240716
PassPerItem,100,String,240433
PassPerItem,100,String,239209
PassPerItem,100,String,241849
PassPerItem,100,String,238836
PassPerItem,100,String,240218
PassPerItem,100,String,242352
PassPerItem,100,String,250008
PassPerItem,100,String,237799
PassPerItem,100,String,239740
PassPerItem,100,String,238344
PassPerItem,100,String,241484
PassPerItem,100,String,239517
PassPerItem,100,String,249308
PassPerItem,100,String,246873
PassPerItem,100,String,242488
PassPerItem,100,String,237762
PassPerItem,100,String,239061
PassPerItem,100,String,243102
PassPerItem,100,String,236440
PassPerItem,100,String,237209
PassPerItem,100,String,237649
PassPerItem,100,String,237132
PassPerItem,100,String,244962
PassPerItem,100,String,238703
PassPerItem,100,String,251684
PassPerItem,100,String,236949
PassPerItem,100,String,236300
PassPerItem,100,String,236943
PassPerItem,100,String,235128
PassPerItem,100,String,238843
PassPerItem,100,String,340856
PassPerItem,100,String,237772
PassPerItem,100,String,243158
PassPerItem,100,String,249263
PassPerItem,100,String,243820
PassPerItem,100,String,250566
PassPerItem,100,String,311028
PassPerItem,100,String,257548
PassPerItem,100,String,239165
PassPerItem,100,String,310652
PassPerItem,100,String,383267
PassPerItem,100,String,392325
PassPerItem,100,String,360250
PassPerItem,100,String,371629
PassPerItem,100,String,275074
PassPerItem,100,String,238284
PassPerItem,100,String,236745
PassPerItem,100,String,238269
PassPerItem,100,String,235331
PassPerItem,100,String,239806
PassPerItem,100,String,236142
PassPerItem,100,String,236799
PassPerItem,100,String,241080
PassPerItem,100,String,239924
PassPerItem,100,String,239530
PassPerItem,100,String,238492
PassPerItem,100,String,238797
PassPerItem,100,String,238368
PassPerItem,100,String,252384
PassPerItem,100,String,238532
PassPerItem,100,String,236587
PassPerItem,100,String,236516
PassPerItem,100,String,238032
PassPerItem,100,String,236713
PassPerItem,100,String,236956
PassPerItem,100,String,235984
PassPerItem,100,String,247402
PassPerItem,100,String,241332
PassPerItem,100,String,238182
PassPerItem,100,String,236924
PassPerItem,100,String,238071
PassPerItem,100,String,246020
PassPerItem,100,String,237547
PassPerItem,100,String,236816
PassPerItem,100,String,241655
PassPerItem,100,String,238685
PassPerItem,100,String,235226
PassPerItem,100,String,239338
PassPerItem,100,String,236874
PassPerItem,100,String,339874
PassPerItem,100,String,237247
PassPerItem,100,String,237515
UntilNoChange,100,String,14134
UntilNoChange,100,String,3669
UntilNoChange,100,String,2980
UntilNoChange,100,String,3362
UntilNoChange,100,String,2940
UntilNoChange,100,String,3259
UntilNoChange,100,String,2893
UntilNoChange,100,String,4922
UntilNoChange,100,String,4883
UntilNoChange,100,String,5216
UntilNoChange,100,String,5163
UntilNoChange,100,String,4251
UntilNoChange,100,String,2975
UntilNoChange,100,String,2916
UntilNoChange,100,String,2821
UntilNoChange,100,String,2893
UntilNoChange,100,String,2728
UntilNoChange,100,String,2812
UntilNoChange,100,String,2819
UntilNoChange,100,String,2988
UntilNoChange,100,String,2857
UntilNoChange,100,String,2731
UntilNoChange,100,String,2845
UntilNoChange,100,String,2907
UntilNoChange,100,String,3083
UntilNoChange,100,String,2826
UntilNoChange,100,String,2897
UntilNoChange,100,String,2758
UntilNoChange,100,String,2923
UntilNoChange,100,String,2838
UntilNoChange,100,String,2924
UntilNoChange,100,String,3025
UntilNoChange,100,String,2809
UntilNoChange,100,String,2738
UntilNoChange,100,String,2769
UntilNoChange,100,String,2726
UntilNoChange,100,String,2718
UntilNoChange,100,String,2756
UntilNoChange,100,String,2750
UntilNoChange,100,String,2750
UntilNoChange,100,String,2750
UntilNoChange,100,String,2776
UntilNoChange,100,String,2819
UntilNoChange,100,String,2753
UntilNoChange,100,String,2712
UntilNoChange,100,String,2754
UntilNoChange,100,String,2726
UntilNoChange,100,String,2707
UntilNoChange,100,String,3162
UntilNoChange,100,String,2917
UntilNoChange,100,String,2861
UntilNoChange,100,String,3211
UntilNoChange,100,String,2897
UntilNoChange,100,String,4693
UntilNoChange,100,String,6698
UntilNoChange,100,String,3077
UntilNoChange,100,String,2733
UntilNoChange,100,String,4351
UntilNoChange,100,String,4922
UntilNoChange,100,String,4690
UntilNoChange,100,String,4245
UntilNoChange,100,String,3336
UntilNoChange,100,String,3026
UntilNoChange,100,String,4639
UntilNoChange,100,String,2770
UntilNoChange,100,String,2845
UntilNoChange,100,String,2766
UntilNoChange,100,String,2809
UntilNoChange,100,String,2742
UntilNoChange,100,String,2779
UntilNoChange,100,String,2759
UntilNoChange,100,String,2791
UntilNoChange,100,String,2789
UntilNoChange,100,String,2759
UntilNoChange,100,String,2845
UntilNoChange,100,String,2875
UntilNoChange,100,String,2877
UntilNoChange,100,String,2733
UntilNoChange,100,String,2748
UntilNoChange,100,String,2741
UntilNoChange,100,String,2850
UntilNoChange,100,String,2721
UntilNoChange,100,String,2734
UntilNoChange,100,String,2718
UntilNoChange,100,String,2836
UntilNoChange,100,String,2757
UntilNoChange,100,String,2775
UntilNoChange,100,String,2737
UntilNoChange,100,String,2799
UntilNoChange,100,String,2840
UntilNoChange,100,String,2804
UntilNoChange,100,String,2806
UntilNoChange,100,String,2802
UntilNoChange,100,String,2759
UntilNoChange,100,String,2748
UntilNoChange,100,String,2784
UntilNoChange,100,String,2758
UntilNoChange,100,String,3177
UntilNoChange,100,String,2829
UntilNoChange,100,String,2758
WhileNeeded,100,String,11053
WhileNeeded,100,String,3642
WhileNeeded,100,String,3027
WhileNeeded,100,String,3446
WhileNeeded,100,String,3047
WhileNeeded,100,String,3025
WhileNeeded,100,String,3205
WhileNeeded,100,String,4856
WhileNeeded,100,String,4650
WhileNeeded,100,String,4397
WhileNeeded,100,String,5006
WhileNeeded,100,String,4679
WhileNeeded,100,String,2986
WhileNeeded,100,String,2807
WhileNeeded,100,String,2781
WhileNeeded,100,String,2815
WhileNeeded,100,String,2746
WhileNeeded,100,String,2733
WhileNeeded,100,String,2857
WhileNeeded,100,String,2736
WhileNeeded,100,String,2865
WhileNeeded,100,String,2768
WhileNeeded,100,String,2802
WhileNeeded,100,String,2807
WhileNeeded,100,String,3051
WhileNeeded,100,String,2845
WhileNeeded,100,String,2784
WhileNeeded,100,String,2766
WhileNeeded,100,String,2737
WhileNeeded,100,String,2935
WhileNeeded,100,String,2858
WhileNeeded,100,String,2825
WhileNeeded,100,String,2707
WhileNeeded,100,String,2745
WhileNeeded,100,String,2757
WhileNeeded,100,String,2727
WhileNeeded,100,String,2685
WhileNeeded,100,String,2771
WhileNeeded,100,String,2696
WhileNeeded,100,String,2723
WhileNeeded,100,String,2724
WhileNeeded,100,String,2741
WhileNeeded,100,String,2701
WhileNeeded,100,String,2664
WhileNeeded,100,String,2750
WhileNeeded,100,String,2689
WhileNeeded,100,String,2784
WhileNeeded,100,String,2761
WhileNeeded,100,String,3261
WhileNeeded,100,String,2754
WhileNeeded,100,String,2829
WhileNeeded,100,String,3118
WhileNeeded,100,String,3290
WhileNeeded,100,String,3963
WhileNeeded,100,String,4098
WhileNeeded,100,String,2882
WhileNeeded,100,String,2742
WhileNeeded,100,String,3884
WhileNeeded,100,String,4524
WhileNeeded,100,String,4756
WhileNeeded,100,String,4193
WhileNeeded,100,String,3115
WhileNeeded,100,String,3003
WhileNeeded,100,String,2851
WhileNeeded,100,String,2802
WhileNeeded,100,String,2742
WhileNeeded,100,String,2706
WhileNeeded,100,String,2727
WhileNeeded,100,String,2723
WhileNeeded,100,String,2676
WhileNeeded,100,String,2737
WhileNeeded,100,String,2707
WhileNeeded,100,String,2844
WhileNeeded,100,String,2846
WhileNeeded,100,String,2792
WhileNeeded,100,String,2742
WhileNeeded,100,String,2841
WhileNeeded,100,String,2695
WhileNeeded,100,String,2715
WhileNeeded,100,String,2772
WhileNeeded,100,String,2750
WhileNeeded,100,String,2789
WhileNeeded,100,String,2707
WhileNeeded,100,String,2744
WhileNeeded,100,String,2770
WhileNeeded,100,String,2721
WhileNeeded,100,String,2688
WhileNeeded,100,String,2711
WhileNeeded,100,String,2705
WhileNeeded,100,String,2726
WhileNeeded,100,String,2829
WhileNeeded,100,String,2755
WhileNeeded,100,String,2725
WhileNeeded,100,String,2690
WhileNeeded,100,String,2668
WhileNeeded,100,String,2658
WhileNeeded,100,String,2781
WhileNeeded,100,String,3015
WhileNeeded,100,String,2778
WhileNeeded,100,String,2721
PassPerItem,1000,String,141923498
PassPerItem,1000,String,131580043
PassPerItem,1000,String,133491130
PassPerItem,1000,String,133599830
PassPerItem,1000,String,132244028
PassPerItem,1000,String,134336776
PassPerItem,1000,String,131702992
PassPerItem,1000,String,131567568
PassPerItem,1000,String,130517459
PassPerItem,1000,String,129747763
PassPerItem,1000,String,130213897
PassPerItem,1000,String,131786614
PassPerItem,1000,String,130958646
PassPerItem,1000,String,130926705
PassPerItem,1000,String,132116738
PassPerItem,1000,String,132504675
PassPerItem,1000,String,131182035
PassPerItem,1000,String,132301005
PassPerItem,1000,String,133654314
PassPerItem,1000,String,134142236
PassPerItem,1000,String,130650253
PassPerItem,1000,String,130649278
PassPerItem,1000,String,129130693
PassPerItem,1000,String,130847216
PassPerItem,1000,String,129073166
PassPerItem,1000,String,131711862
PassPerItem,1000,String,134429554
PassPerItem,1000,String,136787098
PassPerItem,1000,String,130514984
PassPerItem,1000,String,132066213
PassPerItem,1000,String,131416775
PassPerItem,1000,String,131272948
PassPerItem,1000,String,130588317
PassPerItem,1000,String,131163616
PassPerItem,1000,String,131515910
PassPerItem,1000,String,132498140
PassPerItem,1000,String,132309834
PassPerItem,1000,String,131441743
PassPerItem,1000,String,158385187
PassPerItem,1000,String,146188890
PassPerItem,1000,String,148621118
PassPerItem,1000,String,138469807
PassPerItem,1000,String,154868487
PassPerItem,1000,String,158488908
PassPerItem,1000,String,136663931
PassPerItem,1000,String,136075382
PassPerItem,1000,String,130116640
PassPerItem,1000,String,131681302
PassPerItem,1000,String,130458010
PassPerItem,1000,String,130467307
PassPerItem,1000,String,130217728
PassPerItem,1000,String,130451931
PassPerItem,1000,String,134574273
PassPerItem,1000,String,138137686
PassPerItem,1000,String,130414975
PassPerItem,1000,String,129498441
PassPerItem,1000,String,129102921
PassPerItem,1000,String,131571501
PassPerItem,1000,String,132115770
PassPerItem,1000,String,130166782
PassPerItem,1000,String,130594917
PassPerItem,1000,String,129842724
PassPerItem,1000,String,131143658
PassPerItem,1000,String,127881738
PassPerItem,1000,String,127766776
PassPerItem,1000,String,129917993
PassPerItem,1000,String,130352916
PassPerItem,1000,String,128643021
PassPerItem,1000,String,129353856
PassPerItem,1000,String,127082569
PassPerItem,1000,String,127950589
PassPerItem,1000,String,130371059
PassPerItem,1000,String,134955789
PassPerItem,1000,String,127143979
PassPerItem,1000,String,128545944
PassPerItem,1000,String,130728783
PassPerItem,1000,String,125416450
PassPerItem,1000,String,128291658
PassPerItem,1000,String,127799832
PassPerItem,1000,String,129647930
PassPerItem,1000,String,126645209
PassPerItem,1000,String,131667962
PassPerItem,1000,String,133872524
PassPerItem,1000,String,131471378
PassPerItem,1000,String,141157196
PassPerItem,1000,String,131784139
PassPerItem,1000,String,128487059
PassPerItem,1000,String,129830539
PassPerItem,1000,String,130757369
PassPerItem,1000,String,129634754
PassPerItem,1000,String,128864884
PassPerItem,1000,String,130502090
PassPerItem,1000,String,130861767
PassPerItem,1000,String,130971727
PassPerItem,1000,String,129287219
PassPerItem,1000,String,130998025
PassPerItem,1000,String,132835034
PassPerItem,1000,String,130103638
PassPerItem,1000,String,130291269
PassPerItem,1000,String,128811768
UntilNoChange,1000,String,132378
UntilNoChange,1000,String,132466
UntilNoChange,1000,String,133616
UntilNoChange,1000,String,131006
UntilNoChange,1000,String,130308
UntilNoChange,1000,String,132047
UntilNoChange,1000,String,130383
UntilNoChange,1000,String,130654
UntilNoChange,1000,String,131817
UntilNoChange,1000,String,131476
UntilNoChange,1000,String,131921
UntilNoChange,1000,String,132729
UntilNoChange,1000,String,131385
UntilNoChange,1000,String,132085
UntilNoChange,1000,String,135456
UntilNoChange,1000,String,131557
UntilNoChange,1000,String,131905
UntilNoChange,1000,String,132018
UntilNoChange,1000,String,133242
UntilNoChange,1000,String,131175
UntilNoChange,1000,String,131929
UntilNoChange,1000,String,132479
UntilNoChange,1000,String,130071
UntilNoChange,1000,String,131807
UntilNoChange,1000,String,129896
UntilNoChange,1000,String,132278
UntilNoChange,1000,String,138225
UntilNoChange,1000,String,133338
UntilNoChange,1000,String,131608
UntilNoChange,1000,String,133247
UntilNoChange,1000,String,136785
UntilNoChange,1000,String,131905
UntilNoChange,1000,String,131562
UntilNoChange,1000,String,135208
UntilNoChange,1000,String,167597
UntilNoChange,1000,String,136685
UntilNoChange,1000,String,132140
UntilNoChange,1000,String,171538
UntilNoChange,1000,String,138612
UntilNoChange,1000,String,131161
UntilNoChange,1000,String,136964
UntilNoChange,1000,String,132937
UntilNoChange,1000,String,427177
UntilNoChange,1000,String,136419
UntilNoChange,1000,String,138459
UntilNoChange,1000,String,132274
UntilNoChange,1000,String,132139
UntilNoChange,1000,String,131371
UntilNoChange,1000,String,131313
UntilNoChange,1000,String,135224
UntilNoChange,1000,String,131424
UntilNoChange,1000,String,131229
UntilNoChange,1000,String,132507
UntilNoChange,1000,String,132609
UntilNoChange,1000,String,131522
UntilNoChange,1000,String,130671
UntilNoChange,1000,String,130008
UntilNoChange,1000,String,134766
UntilNoChange,1000,String,139157
UntilNoChange,1000,String,132841
UntilNoChange,1000,String,132100
UntilNoChange,1000,String,131326
UntilNoChange,1000,String,128448
UntilNoChange,1000,String,130486
UntilNoChange,1000,String,130193
UntilNoChange,1000,String,131014
UntilNoChange,1000,String,126926
UntilNoChange,1000,String,131893
UntilNoChange,1000,String,131205
UntilNoChange,1000,String,130276
UntilNoChange,1000,String,125582
UntilNoChange,1000,String,131613
UntilNoChange,1000,String,142225
UntilNoChange,1000,String,125653
UntilNoChange,1000,String,131146
UntilNoChange,1000,String,131711
UntilNoChange,1000,String,124920
UntilNoChange,1000,String,134533
UntilNoChange,1000,String,132103
UntilNoChange,1000,String,133347
UntilNoChange,1000,String,192336
UntilNoChange,1000,String,132155
UntilNoChange,1000,String,132372
UntilNoChange,1000,String,133643
UntilNoChange,1000,String,161993
UntilNoChange,1000,String,132684
UntilNoChange,1000,String,129326
UntilNoChange,1000,String,131344
UntilNoChange,1000,String,131735
UntilNoChange,1000,String,130646
UntilNoChange,1000,String,130140
UntilNoChange,1000,String,131255
UntilNoChange,1000,String,131607
UntilNoChange,1000,String,132054
UntilNoChange,1000,String,130542
UntilNoChange,1000,String,132493
UntilNoChange,1000,String,139855
UntilNoChange,1000,String,131344
UntilNoChange,1000,String,132923
UntilNoChange,1000,String,130501
WhileNeeded,1000,String,132085
WhileNeeded,1000,String,131717
WhileNeeded,1000,String,143953
WhileNeeded,1000,String,130637
WhileNeeded,1000,String,135532
WhileNeeded,1000,String,132666
WhileNeeded,1000,String,129683
WhileNeeded,1000,String,132322
WhileNeeded,1000,String,131414
WhileNeeded,1000,String,130468
WhileNeeded,1000,String,131136
WhileNeeded,1000,String,132661
WhileNeeded,1000,String,130384
WhileNeeded,1000,String,131351
WhileNeeded,1000,String,131197
WhileNeeded,1000,String,131478
WhileNeeded,1000,String,131446
WhileNeeded,1000,String,131459
WhileNeeded,1000,String,132584
WhileNeeded,1000,String,129839
WhileNeeded,1000,String,132046
WhileNeeded,1000,String,132201
WhileNeeded,1000,String,129628
WhileNeeded,1000,String,131296
WhileNeeded,1000,String,129762
WhileNeeded,1000,String,132072
WhileNeeded,1000,String,141614
WhileNeeded,1000,String,133001
WhileNeeded,1000,String,131093
WhileNeeded,1000,String,133195
WhileNeeded,1000,String,131707
WhileNeeded,1000,String,131478
WhileNeeded,1000,String,130767
WhileNeeded,1000,String,130658
WhileNeeded,1000,String,153448
WhileNeeded,1000,String,136875
WhileNeeded,1000,String,132407
WhileNeeded,1000,String,169371
WhileNeeded,1000,String,138025
WhileNeeded,1000,String,140847
WhileNeeded,1000,String,137239
WhileNeeded,1000,String,132383
WhileNeeded,1000,String,506468
WhileNeeded,1000,String,135821
WhileNeeded,1000,String,136207
WhileNeeded,1000,String,131440
WhileNeeded,1000,String,132161
WhileNeeded,1000,String,131301
WhileNeeded,1000,String,130974
WhileNeeded,1000,String,133624
WhileNeeded,1000,String,131245
WhileNeeded,1000,String,130977
WhileNeeded,1000,String,132201
WhileNeeded,1000,String,132219
WhileNeeded,1000,String,135361
WhileNeeded,1000,String,130745
WhileNeeded,1000,String,129969
WhileNeeded,1000,String,133658
WhileNeeded,1000,String,132177
WhileNeeded,1000,String,132659
WhileNeeded,1000,String,132645
WhileNeeded,1000,String,131421
WhileNeeded,1000,String,127897
WhileNeeded,1000,String,130360
WhileNeeded,1000,String,129893
WhileNeeded,1000,String,130850
WhileNeeded,1000,String,131816
WhileNeeded,1000,String,132106
WhileNeeded,1000,String,130719
WhileNeeded,1000,String,129456
WhileNeeded,1000,String,125622
WhileNeeded,1000,String,131389
WhileNeeded,1000,String,132803
WhileNeeded,1000,String,125306
WhileNeeded,1000,String,134816
WhileNeeded,1000,String,134152
WhileNeeded,1000,String,124950
WhileNeeded,1000,String,131995
WhileNeeded,1000,String,132302
WhileNeeded,1000,String,127942
WhileNeeded,1000,String,167301
WhileNeeded,1000,String,132304
WhileNeeded,1000,String,131616
WhileNeeded,1000,String,135935
WhileNeeded,1000,String,153636
WhileNeeded,1000,String,132512
WhileNeeded,1000,String,129219
WhileNeeded,1000,String,131022
WhileNeeded,1000,String,131697
WhileNeeded,1000,String,131300
WhileNeeded,1000,String,129693
WhileNeeded,1000,String,130933
WhileNeeded,1000,String,131637
WhileNeeded,1000,String,132289
WhileNeeded,1000,String,130422
WhileNeeded,1000,String,133236
WhileNeeded,1000,String,135387
WhileNeeded,1000,String,131436
WhileNeeded,1000,String,131856
WhileNeeded,1000,String,130190
PassPerItem,5000,String,29110457868
PassPerItem,5000,String,28406690456
PassPerItem,5000,String,26745986703
PassPerItem,5000,String,28588032016
PassPerItem,5000,String,31318334486
PassPerItem,5000,String,27962030285
PassPerItem,5000,String,25665302731
PassPerItem,5000,String,26640281683
PassPerItem,5000,String,28949866315
PassPerItem,5000,String,28661750848
PassPerItem,5000,String,28277692824
PassPerItem,5000,String,27597612254
PassPerItem,5000,String,29070679718
PassPerItem,5000,String,26943615059
PassPerItem,5000,String,28770574279
PassPerItem,5000,String,25642362961
PassPerItem,5000,String,27221384966
PassPerItem,5000,String,28226275236
PassPerItem,5000,String,28833560698
PassPerItem,5000,String,26649080400
PassPerItem,5000,String,30120433944
PassPerItem,5000,String,29908234667
PassPerItem,5000,String,26984964612
PassPerItem,5000,String,26023523725
PassPerItem,5000,String,27521563320
PassPerItem,5000,String,29040901241
PassPerItem,5000,String,28217975125
PassPerItem,5000,String,26231942820
PassPerItem,5000,String,25968798167
PassPerItem,5000,String,26044056779
PassPerItem,5000,String,28905565913
PassPerItem,5000,String,26142348144
PassPerItem,5000,String,26117255402
PassPerItem,5000,String,26109306872
PassPerItem,5000,String,26274271617
PassPerItem,5000,String,27611077960
PassPerItem,5000,String,27637710662
PassPerItem,5000,String,26975908630
PassPerItem,5000,String,28333427571
PassPerItem,5000,String,26995513213
PassPerItem,5000,String,26822367753
PassPerItem,5000,String,28780886653
PassPerItem,5000,String,26572385358
PassPerItem,5000,String,28154073994
PassPerItem,5000,String,27393360632
PassPerItem,5000,String,25813418895
PassPerItem,5000,String,27392928230
PassPerItem,5000,String,27643115893
PassPerItem,5000,String,25832498681
PassPerItem,5000,String,27735907641
PassPerItem,5000,String,28719709628
PassPerItem,5000,String,28187076672
PassPerItem,5000,String,25843608655
PassPerItem,5000,String,26053827212
PassPerItem,5000,String,28595098504
PassPerItem,5000,String,27340913113
PassPerItem,5000,String,28905692815
PassPerItem,5000,String,26464495237
PassPerItem,5000,String,25605882842
PassPerItem,5000,String,26515342212
PassPerItem,5000,String,28612500734
PassPerItem,5000,String,28330445506
PassPerItem,5000,String,26927381532
PassPerItem,5000,String,28533217212
PassPerItem,5000,String,25915862039
PassPerItem,5000,String,28981890019
PassPerItem,5000,String,25716363464
PassPerItem,5000,String,27270870064
PassPerItem,5000,String,29716433598
PassPerItem,5000,String,27516708895
PassPerItem,5000,String,25706861770
PassPerItem,5000,String,25580505395
PassPerItem,5000,String,25469414419
PassPerItem,5000,String,25533322197
PassPerItem,5000,String,28505391689
PassPerItem,5000,String,25338621610
PassPerItem,5000,String,24635275488
PassPerItem,5000,String,24702055028
PassPerItem,5000,String,25040571788
PassPerItem,5000,String,25192787972
PassPerItem,5000,String,26941682438
PassPerItem,5000,String,25765901121
PassPerItem,5000,String,25725110858
PassPerItem,5000,String,25791862866
PassPerItem,5000,String,25696471026
PassPerItem,5000,String,25753747798
PassPerItem,5000,String,27935243855
PassPerItem,5000,String,25925222853
PassPerItem,5000,String,27204949358
PassPerItem,5000,String,27829150257
PassPerItem,5000,String,28167177384
PassPerItem,5000,String,27160192451
PassPerItem,5000,String,26705267307
PassPerItem,5000,String,27124308496
PassPerItem,5000,String,25678543007
PassPerItem,5000,String,28270771147
PassPerItem,5000,String,25779092648
PassPerItem,5000,String,25922821880
PassPerItem,5000,String,27084854059
PassPerItem,5000,String,26431597239
UntilNoChange,5000,String,5304772
UntilNoChange,5000,String,5569359
UntilNoChange,5000,String,5471886
UntilNoChange,5000,String,5740766
UntilNoChange,5000,String,5237719
UntilNoChange,5000,String,5570694
UntilNoChange,5000,String,5244721
UntilNoChange,5000,String,5782000
UntilNoChange,5000,String,6195414
UntilNoChange,5000,String,5680877
UntilNoChange,5000,String,6067387
UntilNoChange,5000,String,5601906
UntilNoChange,5000,String,5682473
UntilNoChange,5000,String,5241318
UntilNoChange,5000,String,5861338
UntilNoChange,5000,String,5162551
UntilNoChange,5000,String,5355950
UntilNoChange,5000,String,5404979
UntilNoChange,5000,String,5777306
UntilNoChange,5000,String,5220614
UntilNoChange,5000,String,6043318
UntilNoChange,5000,String,5537380
UntilNoChange,5000,String,5385377
UntilNoChange,5000,String,5283831
UntilNoChange,5000,String,5698012
UntilNoChange,5000,String,5844397
UntilNoChange,5000,String,5556498
UntilNoChange,5000,String,5267391
UntilNoChange,5000,String,5082220
UntilNoChange,5000,String,5106331
UntilNoChange,5000,String,5652982
UntilNoChange,5000,String,5276134
UntilNoChange,5000,String,5126434
UntilNoChange,5000,String,5213998
UntilNoChange,5000,String,5301120
UntilNoChange,5000,String,5235801
UntilNoChange,5000,String,5365846
UntilNoChange,5000,String,5330464
UntilNoChange,5000,String,5580355
UntilNoChange,5000,String,5172057
UntilNoChange,5000,String,5295125
UntilNoChange,5000,String,5688730
UntilNoChange,5000,String,5273373
UntilNoChange,5000,String,5704236
UntilNoChange,5000,String,5489686
UntilNoChange,5000,String,5226594
UntilNoChange,5000,String,5546221
UntilNoChange,5000,String,5518650
UntilNoChange,5000,String,5151484
UntilNoChange,5000,String,5459096
UntilNoChange,5000,String,5782062
UntilNoChange,5000,String,5521487
UntilNoChange,5000,String,5121729
UntilNoChange,5000,String,5298653
UntilNoChange,5000,String,5743025
UntilNoChange,5000,String,5377965
UntilNoChange,5000,String,5803203
UntilNoChange,5000,String,5389920
UntilNoChange,5000,String,5065066
UntilNoChange,5000,String,5313057
UntilNoChange,5000,String,5700687
UntilNoChange,5000,String,5665620
UntilNoChange,5000,String,5603936
UntilNoChange,5000,String,5760164
UntilNoChange,5000,String,5202576
UntilNoChange,5000,String,5729934
UntilNoChange,5000,String,5177970
UntilNoChange,5000,String,5308051
UntilNoChange,5000,String,5766818
UntilNoChange,5000,String,5603772
UntilNoChange,5000,String,5280643
UntilNoChange,5000,String,5043205
UntilNoChange,5000,String,4984734
UntilNoChange,5000,String,5228297
UntilNoChange,5000,String,5797032
UntilNoChange,5000,String,4824888
UntilNoChange,5000,String,4715370
UntilNoChange,5000,String,4894054
UntilNoChange,5000,String,4971773
UntilNoChange,5000,String,4877352
UntilNoChange,5000,String,5425763
UntilNoChange,5000,String,4881137
UntilNoChange,5000,String,5008096
UntilNoChange,5000,String,5169125
UntilNoChange,5000,String,5174828
UntilNoChange,5000,String,5230818
UntilNoChange,5000,String,5527922
UntilNoChange,5000,String,5263212
UntilNoChange,5000,String,5347066
UntilNoChange,5000,String,5532154
UntilNoChange,5000,String,5829596
UntilNoChange,5000,String,5580218
UntilNoChange,5000,String,5210751
UntilNoChange,5000,String,5352384
UntilNoChange,5000,String,4930291
UntilNoChange,5000,String,5721009
UntilNoChange,5000,String,5134896
UntilNoChange,5000,String,5252701
UntilNoChange,5000,String,5385747
UntilNoChange,5000,String,5293460
WhileNeeded,5000,String,5293712
WhileNeeded,5000,String,5556133
WhileNeeded,5000,String,5438647
WhileNeeded,5000,String,5630498
WhileNeeded,5000,String,5230676
WhileNeeded,5000,String,5575248
WhileNeeded,5000,String,5227404
WhileNeeded,5000,String,5702095
WhileNeeded,5000,String,5960719
WhileNeeded,5000,String,5704957
WhileNeeded,5000,String,5946964
WhileNeeded,5000,String,5601337
WhileNeeded,5000,String,5742277
WhileNeeded,5000,String,5321441
WhileNeeded,5000,String,5816197
WhileNeeded,5000,String,5025779
WhileNeeded,5000,String,5461280
WhileNeeded,5000,String,5383116
WhileNeeded,5000,String,5772768
WhileNeeded,5000,String,5331731
WhileNeeded,5000,String,6098393
WhileNeeded,5000,String,5463882
WhileNeeded,5000,String,5454794
WhileNeeded,5000,String,5291288
WhileNeeded,5000,String,5638889
WhileNeeded,5000,String,5839591
WhileNeeded,5000,String,5459055
WhileNeeded,5000,String,5227319
WhileNeeded,5000,String,5117648
WhileNeeded,5000,String,5137900
WhileNeeded,5000,String,5697906
WhileNeeded,5000,String,5272076
WhileNeeded,5000,String,5258968
WhileNeeded,5000,String,5181403
WhileNeeded,5000,String,5293794
WhileNeeded,5000,String,5211930
WhileNeeded,5000,String,5317179
WhileNeeded,5000,String,5319009
WhileNeeded,5000,String,5564648
WhileNeeded,5000,String,5177115
WhileNeeded,5000,String,5387988
WhileNeeded,5000,String,5762129
WhileNeeded,5000,String,5321233
WhileNeeded,5000,String,5654680
WhileNeeded,5000,String,5411716
WhileNeeded,5000,String,5233338
WhileNeeded,5000,String,5505421
WhileNeeded,5000,String,5465605
WhileNeeded,5000,String,5084448
WhileNeeded,5000,String,5390497
WhileNeeded,5000,String,5685332
WhileNeeded,5000,String,5513174
WhileNeeded,5000,String,5184230
WhileNeeded,5000,String,5299636
WhileNeeded,5000,String,5822811
WhileNeeded,5000,String,5343206
WhileNeeded,5000,String,5781424
WhileNeeded,5000,String,5490869
WhileNeeded,5000,String,5075209
WhileNeeded,5000,String,5244707
WhileNeeded,5000,String,5692539
WhileNeeded,5000,String,5734122
WhileNeeded,5000,String,5507643
WhileNeeded,5000,String,5730424
WhileNeeded,5000,String,5248800
WhileNeeded,5000,String,5806592
WhileNeeded,5000,String,5176124
WhileNeeded,5000,String,5410240
WhileNeeded,5000,String,5703106
WhileNeeded,5000,String,5715069
WhileNeeded,5000,String,5269282
WhileNeeded,5000,String,4955275
WhileNeeded,5000,String,4960858
WhileNeeded,5000,String,5145758
WhileNeeded,5000,String,5801448
WhileNeeded,5000,String,4953337
WhileNeeded,5000,String,4845606
WhileNeeded,5000,String,4961035
WhileNeeded,5000,String,4884107
WhileNeeded,5000,String,4975940
WhileNeeded,5000,String,5442753
WhileNeeded,5000,String,4865056
WhileNeeded,5000,String,5038018
WhileNeeded,5000,String,5209924
WhileNeeded,5000,String,5247728
WhileNeeded,5000,String,5124388
WhileNeeded,5000,String,5462916
WhileNeeded,5000,String,5164024
WhileNeeded,5000,String,5452712
WhileNeeded,5000,String,5527384
WhileNeeded,5000,String,5686157
WhileNeeded,5000,String,5643642
WhileNeeded,5000,String,5201717
WhileNeeded,5000,String,5242421
WhileNeeded,5000,String,5074882
WhileNeeded,5000,String,5699792
WhileNeeded,5000,String,5081776
WhileNeeded,5000,String,5149230
WhileNeeded,5000,String,5357400
WhileNeeded,5000,String,5248196
