Algorithm,Size,Type,Time (nanoseconds)
PassPerItem,100,Integer,32704
PassPerItem,100,Integer,31767
PassPerItem,100,Integer,32341
PassPerItem,100,Integer,31546
PassPerItem,100,Integer,31716
PassPerItem,100,Integer,31772
PassPerItem,100,Integer,31649
PassPerItem,100,Integer,31882
PassPerItem,100,Integer,31809
PassPerItem,100,Integer,31703
PassPerItem,100,Integer,31776
PassPerItem,100,Integer,31753
PassPerItem,100,Integer,32116
PassPerItem,100,Integer,31638
PassPerItem,100,Integer,31677
PassPerItem,100,Integer,31636
PassPerItem,100,Integer,31729
PassPerItem,100,Integer,31779
PassPerItem,100,Integer,31823
PassPerItem,100,Integer,31861
PassPerItem,100,Integer,31645
PassPerItem,100,Integer,32254
PassPerItem,100,Integer,31668
PassPerItem,100,Integer,31708
PassPerItem,100,Integer,31644
PassPerItem,100,Integer,31786
PassPerItem,100,Integer,39357
PassPerItem,100,Integer,31842
PassPerItem,100,Integer,31921
PassPerItem,100,Integer,31787
PassPerItem,100,Integer,34395
PassPerItem,100,Integer,47304
PassPerItem,100,Integer,31711
PassPerItem,100,Integer,31546
PassPerItem,100,Integer,31654
PassPerItem,100,Integer,31498
PassPerItem,100,Integer,31910
PassPerItem,100,Integer,31559
PassPerItem,100,Integer,31636
PassPerItem,100,Integer,31482
PassPerItem,100,Integer,31841
PassPerItem,100,Integer,31858
PassPerItem,100,Integer,31561
PassPerItem,100,Integer,31664
PassPerItem,100,Integer,32182
PassPerItem,100,Integer,31548
PassPerItem,100,Integer,31722
PassPerItem,100,Integer,31650
PassPerItem,100,Integer,31705
PassPerItem,100,Integer,31865
PassPerItem,100,Integer,31560
PassPerItem,100,Integer,31550
PassPerItem,100,Integer,31840
PassPerItem,100,Integer,31556
PassPerItem,100,Integer,32125
PassPerItem,100,Integer,31642
PassPerItem,100,Integer,31476
PassPerItem,100,Integer,31579
PassPerItem,100,Integer,31544
PassPerItem,100,Integer,31717
PassPerItem,100,Integer,31599
PassPerItem,100,Integer,31771
PassPerItem,100,Integer,31780
PassPerItem,100,Integer,32318
PassPerItem,100,Integer,31586
PassPerItem,100,Integer,31629
PassPerItem,100,Integer,31714
PassPerItem,100,Integer,31645
PassPerItem,100,Integer,31770
PassPerItem,100,Integer,31663
PassPerItem,100,Integer,31898
PassPerItem,100,Integer,44096
PassPerItem,100,Integer,31755
PassPerItem,100,Integer,31977
PassPerItem,100,Integer,31561
PassPerItem,100,Integer,31530
PassPerItem,100,Integer,31635
PassPerItem,100,Integer,31737
PassPerItem,100,Integer,31788
PassPerItem,100,Integer,31770
PassPerItem,100,Integer,31631
PassPerItem,100,Integer,31665
PassPerItem,100,Integer,32251
PassPerItem,100,Integer,31551
PassPerItem,100,Integer,31675
PassPerItem,100,Integer,31544
PassPerItem,100,Integer,31683
PassPerItem,100,Integer,31715
PassPerItem,100,Integer,31889
PassPerItem,100,Integer,31807
PassPerItem,100,Integer,31765
PassPerItem,100,Integer,31709
PassPerItem,100,Integer,31473
PassPerItem,100,Integer,31711
PassPerItem,100,Integer,31686
PassPerItem,100,Integer,31672
PassPerItem,100,Integer,31508
PassPerItem,100,Integer,31681
PassPerItem,100,Integer,31854
PassPerItem,100,Integer,31854
UntilNoChange,100,Integer,1278
UntilNoChange,100,Integer,585
UntilNoChange,100,Integer,553
UntilNoChange,100,Integer,563
UntilNoChange,100,Integer,556
UntilNoChange,100,Integer,556
UntilNoChange,100,Integer,556
UntilNoChange,100,Integer,557
UntilNoChange,100,Integer,586
UntilNoChange,100,Integer,506
UntilNoChange,100,Integer,535
UntilNoChange,100,Integer,511
UntilNoChange,100,Integer,520
UntilNoChange,100,Integer,488
UntilNoChange,100,Integer,487
UntilNoChange,100,Integer,487
UntilNoChange,100,Integer,479
UntilNoChange,100,Integer,555
UntilNoChange,100,Integer,521
UntilNoChange,100,Integer,527
UntilNoChange,100,Integer,524
UntilNoChange,100,Integer,550
UntilNoChange,100,Integer,502
UntilNoChange,100,Integer,526
UntilNoChange,100,Integer,541
UntilNoChange,100,Integer,567
UntilNoChange,100,Integer,585
UntilNoChange,100,Integer,590
UntilNoChange,100,Integer,518
UntilNoChange,100,Integer,543
UntilNoChange,100,Integer,963
UntilNoChange,100,Integer,851
UntilNoChange,100,Integer,641
UntilNoChange,100,Integer,556
UntilNoChange,100,Integer,549
UntilNoChange,100,Integer,516
UntilNoChange,100,Integer,564
UntilNoChange,100,Integer,547
UntilNoChange,100,Integer,551
UntilNoChange,100,Integer,531
UntilNoChange,100,Integer,559
UntilNoChange,100,Integer,533
UntilNoChange,100,Integer,505
UntilNoChange,100,Integer,533
UntilNoChange,100,Integer,484
UntilNoChange,100,Integer,455
UntilNoChange,100,Integer,478
UntilNoChange,100,Integer,481
UntilNoChange,100,Integer,553
UntilNoChange,100,Integer,559
UntilNoChange,100,Integer,484
UntilNoChange,100,Integer,558
UntilNoChange,100,Integer,508
UntilNoChange,100,Integer,529
UntilNoChange,100,Integer,549
UntilNoChange,100,Integer,524
UntilNoChange,100,Integer,507
UntilNoChange,100,Integer,534
UntilNoChange,100,Integer,494
UntilNoChange,100,Integer,482
UntilNoChange,100,Integer,511
UntilNoChange,100,Integer,527
UntilNoChange,100,Integer,475
UntilNoChange,100,Integer,525
UntilNoChange,100,Integer,528
UntilNoChange,100,Integer,536
UntilNoChange,100,Integer,520
UntilNoChange,100,Integer,560
UntilNoChange,100,Integer,468
UntilNoChange,100,Integer,510
UntilNoChange,100,Integer,498
UntilNoChange,100,Integer,595
UntilNoChange,100,Integer,525
UntilNoChange,100,Integer,531
UntilNoChange,100,Integer,491
UntilNoChange,100,Integer,538
UntilNoChange,100,Integer,501
UntilNoChange,100,Integer,489
UntilNoChange,100,Integer,567
UntilNoChange,100,Integer,505
UntilNoChange,100,Integer,519
UntilNoChange,100,Integer,520
UntilNoChange,100,Integer,573
UntilNoChange,100,Integer,504
UntilNoChange,100,Integer,536
UntilNoChange,100,Integer,487
UntilNoChange,100,Integer,534
UntilNoChange,100,Integer,536
UntilNoChange,100,Integer,537
UntilNoChange,100,Integer,529
UntilNoChange,100,Integer,517
UntilNoChange,100,Integer,496
UntilNoChange,100,Integer,532
UntilNoChange,100,Integer,494
UntilNoChange,100,Integer,523
UntilNoChange,100,Integer,520
UntilNoChange,100,Integer,508
UntilNoChange,100,Integer,519
UntilNoChange,100,Integer,515
UntilNoChange,100,Integer,467
WhileNeeded,100,Integer,1047
WhileNeeded,100,Integer,568
WhileNeeded,100,Integer,495
WhileNeeded,100,Integer,519
WhileNeeded,100,Integer,494
WhileNeeded,100,Integer,476
WhileNeeded,100,Integer,524
WhileNeeded,100,Integer,510
WhileNeeded,100,Integer,452
WhileNeeded,100,Integer,529
WhileNeeded,100,Integer,445
WhileNeeded,100,Integer,498
WhileNeeded,100,Integer,501
WhileNeeded,100,Integer,488
WhileNeeded,100,Integer,504
WhileNeeded,100,Integer,453
WhileNeeded,100,Integer,503
WhileNeeded,100,Integer,451
WhileNeeded,100,Integer,523
WhileNeeded,100,Integer,495
WhileNeeded,100,Integer,510
WhileNeeded,100,Integer,460
WhileNeeded,100,Integer,500
WhileNeeded,100,Integer,521
WhileNeeded,100,Integer,499
WhileNeeded,100,Integer,483
WhileNeeded,100,Integer,524
WhileNeeded,100,Integer,517
WhileNeeded,100,Integer,521
WhileNeeded,100,Integer,494
WhileNeeded,100,Integer,750
WhileNeeded,100,Integer,677
WhileNeeded,100,Integer,522
WhileNeeded,100,Integer,509
WhileNeeded,100,Integer,520
WhileNeeded,100,Integer,485
WhileNeeded,100,Integer,503
WhileNeeded,100,Integer,472
WhileNeeded,100,Integer,521
WhileNeeded,100,Integer,494
WhileNeeded,100,Integer,463
WhileNeeded,100,Integer,486
WhileNeeded,100,Integer,461
WhileNeeded,100,Integer,486
WhileNeeded,100,Integer,484
WhileNeeded,100,Integer,467
WhileNeeded,100,Integer,471
WhileNeeded,100,Integer,451
WhileNeeded,100,Integer,465
WhileNeeded,100,Integer,486
WhileNeeded,100,Integer,503
WhileNeeded,100,Integer,452
WhileNeeded,100,Integer,525
WhileNeeded,100,Integer,470
WhileNeeded,100,Integer,465
WhileNeeded,100,Integer,451
WhileNeeded,100,Integer,491
WhileNeeded,100,Integer,532
WhileNeeded,100,Integer,492
WhileNeeded,100,Integer,468
WhileNeeded,100,Integer,468
WhileNeeded,100,Integer,421
WhileNeeded,100,Integer,449
WhileNeeded,100,Integer,472
WhileNeeded,100,Integer,515
WhileNeeded,100,Integer,503
WhileNeeded,100,Integer,518
WhileNeeded,100,Integer,484
WhileNeeded,100,Integer,477
WhileNeeded,100,Integer,480
WhileNeeded,100,Integer,478
WhileNeeded,100,Integer,485
WhileNeeded,100,Integer,448
WhileNeeded,100,Integer,448
WhileNeeded,100,Integer,494
WhileNeeded,100,Integer,491
WhileNeeded,100,Integer,488
WhileNeeded,100,Integer,463
WhileNeeded,100,Integer,481
WhileNeeded,100,Integer,515
WhileNeeded,100,Integer,428
WhileNeeded,100,Integer,526
WhileNeeded,100,Integer,469
WhileNeeded,100,Integer,459
WhileNeeded,100,Integer,458
WhileNeeded,100,Integer,505
WhileNeeded,100,Integer,503
WhileNeeded,100,Integer,494
WhileNeeded,100,Integer,447
WhileNeeded,100,Integer,479
WhileNeeded,100,Integer,427
WhileNeeded,100,Integer,435
WhileNeeded,100,Integer,443
WhileNeeded,100,Integer,467
WhileNeeded,100,Integer,482
WhileNeeded,100,Integer,464
WhileNeeded,100,Integer,462
WhileNeeded,100,Integer,494
WhileNeeded,100,Integer,500
WhileNeeded,100,Integer,450
PassPerItem,1000,Integer,7960204
PassPerItem,1000,Integer,8076022
PassPerItem,1000,Integer,8029645
PassPerItem,1000,Integer,8115281
PassPerItem,1000,Integer,8106467
PassPerItem,1000,Integer,8090111
PassPerItem,1000,Integer,8033309
PassPerItem,1000,Integer,8074413
PassPerItem,1000,Integer,7987781
PassPerItem,1000,Integer,8056002
PassPerItem,1000,Integer,7920395
PassPerItem,1000,Integer,8008443
PassPerItem,1000,Integer,7977809
PassPerItem,1000,Integer,8001939
PassPerItem,1000,Integer,8072123
PassPerItem,1000,Integer,7996163
PassPerItem,1000,Integer,8014233
PassPerItem,1000,Integer,7948523
PassPerItem,1000,Integer,8022356
PassPerItem,1000,Integer,8000124
PassPerItem,1000,Integer,8023948
PassPerItem,1000,Integer,8025612
PassPerItem,1000,Integer,8030487
PassPerItem,1000,Integer,8002645
PassPerItem,1000,Integer,7996615
PassPerItem,1000,Integer,8064349
PassPerItem,1000,Integer,8052048
PassPerItem,1000,Integer,8046754
PassPerItem,1000,Integer,8077971
PassPerItem,1000,Integer,8053335
PassPerItem,1000,Integer,8013970
PassPerItem,1000,Integer,8072480
PassPerItem,1000,Integer,8072386
PassPerItem,1000,Integer,8098824
PassPerItem,1000,Integer,7947091
PassPerItem,1000,Integer,7935087
PassPerItem,1000,Integer,7913736
PassPerItem,1000,Integer,7993466
PassPerItem,1000,Integer,8040107
PassPerItem,1000,Integer,8150248
PassPerItem,1000,Integer,7947552
PassPerItem,1000,Integer,7938483
PassPerItem,1000,Integer,7962238
PassPerItem,1000,Integer,7936625
PassPerItem,1000,Integer,7954062
PassPerItem,1000,Integer,8044236
PassPerItem,1000,Integer,8002407
PassPerItem,1000,Integer,8009288
PassPerItem,1000,Integer,8038874
PassPerItem,1000,Integer,7927694
PassPerItem,1000,Integer,7940002
PassPerItem,1000,Integer,7937665
PassPerItem,1000,Integer,7985827
PassPerItem,1000,Integer,7959771
PassPerItem,1000,Integer,8041075
PassPerItem,1000,Integer,7984030
PassPerItem,1000,Integer,7965935
PassPerItem,1000,Integer,8098704
PassPerItem,1000,Integer,8086824
PassPerItem,1000,Integer,8016199
PassPerItem,1000,Integer,8088919
PassPerItem,1000,Integer,8036754
PassPerItem,1000,Integer,8013792
PassPerItem,1000,Integer,8015791
PassPerItem,1000,Integer,7998276
PassPerItem,1000,Integer,7986021
PassPerItem,1000,Integer,7980021
PassPerItem,1000,Integer,7999220
PassPerItem,1000,Integer,8001221
PassPerItem,1000,Integer,8007474
PassPerItem,1000,Integer,7984988
PassPerItem,1000,Integer,8020043
PassPerItem,1000,Integer,8014299
PassPerItem,1000,Integer,8018981
PassPerItem,1000,Integer,8058295
PassPerItem,1000,Integer,8001170
PassPerItem,1000,Integer,8011596
PassPerItem,1000,Integer,8056280
PassPerItem,1000,Integer,8026282
PassPerItem,1000,Integer,7996035
PassPerItem,1000,Integer,7984500
PassPerItem,1000,Integer,7952867
PassPerItem,1000,Integer,7977625
PassPerItem,1000,Integer,7982266
PassPerItem,1000,Integer,8012543
PassPerItem,1000,Integer,8037025
PassPerItem,1000,Integer,8000401
PassPerItem,1000,Integer,8021228
PassPerItem,1000,Integer,7986096
PassPerItem,1000,Integer,8056774
PassPerItem,1000,Integer,7944048
PassPerItem,1000,Integer,7989306
PassPerItem,1000,Integer,7987174
PassPerItem,1000,Integer,8261343
PassPerItem,1000,Integer,7942559
PassPerItem,1000,Integer,8244776
PassPerItem,1000,Integer,7992413
PassPerItem,1000,Integer,7973830
PassPerItem,1000,Integer,7958092
PassPerItem,1000,Integer,7942329
UntilNoChange,1000,Integer,9329
UntilNoChange,1000,Integer,9632
UntilNoChange,1000,Integer,9004
UntilNoChange,1000,Integer,13341
UntilNoChange,1000,Integer,9253
UntilNoChange,1000,Integer,9525
UntilNoChange,1000,Integer,8973
UntilNoChange,1000,Integer,8924
UntilNoChange,1000,Integer,9122
UntilNoChange,1000,Integer,9421
UntilNoChange,1000,Integer,8741
UntilNoChange,1000,Integer,9041
UntilNoChange,1000,Integer,9038
UntilNoChange,1000,Integer,9096
UntilNoChange,1000,Integer,9100
UntilNoChange,1000,Integer,8969
UntilNoChange,1000,Integer,9093
UntilNoChange,1000,Integer,8958
UntilNoChange,1000,Integer,9189
UntilNoChange,1000,Integer,8977
UntilNoChange,1000,Integer,9054
UntilNoChange,1000,Integer,9704
UntilNoChange,1000,Integer,8999
UntilNoChange,1000,Integer,9344
UntilNoChange,1000,Integer,9443
UntilNoChange,1000,Integer,9104
UntilNoChange,1000,Integer,8953
UntilNoChange,1000,Integer,9071
UntilNoChange,1000,Integer,9120
UntilNoChange,1000,Integer,9113
UntilNoChange,1000,Integer,8948
UntilNoChange,1000,Integer,8980
UntilNoChange,1000,Integer,9158
UntilNoChange,1000,Integer,9076
UntilNoChange,1000,Integer,8977
UntilNoChange,1000,Integer,8867
UntilNoChange,1000,Integer,8878
UntilNoChange,1000,Integer,8914
UntilNoChange,1000,Integer,9354
UntilNoChange,1000,Integer,9254
UntilNoChange,1000,Integer,8739
UntilNoChange,1000,Integer,8778
UntilNoChange,1000,Integer,8811
UntilNoChange,1000,Integer,8826
UntilNoChange,1000,Integer,8880
UntilNoChange,1000,Integer,9549
UntilNoChange,1000,Integer,8909
UntilNoChange,1000,Integer,8966
UntilNoChange,1000,Integer,8918
UntilNoChange,1000,Integer,8764
UntilNoChange,1000,Integer,8800
UntilNoChange,1000,Integer,8806
UntilNoChange,1000,Integer,9303
UntilNoChange,1000,Integer,8869
UntilNoChange,1000,Integer,8928
UntilNoChange,1000,Integer,8984
UntilNoChange,1000,Integer,9251
UntilNoChange,1000,Integer,9691
UntilNoChange,1000,Integer,10168
UntilNoChange,1000,Integer,9337
UntilNoChange,1000,Integer,9183
UntilNoChange,1000,Integer,10616
UntilNoChange,1000,Integer,9093
UntilNoChange,1000,Integer,8945
UntilNoChange,1000,Integer,8997
UntilNoChange,1000,Integer,8886
UntilNoChange,1000,Integer,8932
UntilNoChange,1000,Integer,8802
UntilNoChange,1000,Integer,8892
UntilNoChange,1000,Integer,9068
UntilNoChange,1000,Integer,8959
UntilNoChange,1000,Integer,8915
UntilNoChange,1000,Integer,8923
UntilNoChange,1000,Integer,8899
UntilNoChange,1000,Integer,8936
UntilNoChange,1000,Integer,12330
UntilNoChange,1000,Integer,8868
UntilNoChange,1000,Integer,8813
UntilNoChange,1000,Integer,8910
UntilNoChange,1000,Integer,8873
UntilNoChange,1000,Integer,8776
UntilNoChange,1000,Integer,8760
UntilNoChange,1000,Integer,8756
UntilNoChange,1000,Integer,8770
UntilNoChange,1000,Integer,8780
UntilNoChange,1000,Integer,8804
UntilNoChange,1000,Integer,8840
UntilNoChange,1000,Integer,8941
UntilNoChange,1000,Integer,8783
UntilNoChange,1000,Integer,8832
UntilNoChange,1000,Integer,8719
UntilNoChange,1000,Integer,8860
UntilNoChange,1000,Integer,8889
UntilNoChange,1000,Integer,8750
UntilNoChange,1000,Integer,8776
UntilNoChange,1000,Integer,8790
UntilNoChange,1000,Integer,8760
UntilNoChange,1000,Integer,8830
UntilNoChange,1000,Integer,8741
UntilNoChange,1000,Integer,8765
WhileNeeded,1000,Integer,9134
WhileNeeded,1000,Integer,10087
WhileNeeded,1000,Integer,8948
WhileNeeded,1000,Integer,10390
WhileNeeded,1000,Integer,9009
WhileNeeded,1000,Integer,9023
WhileNeeded,1000,Integer,8980
WhileNeeded,1000,Integer,8756
WhileNeeded,1000,Integer,9113
WhileNeeded,1000,Integer,9084
WhileNeeded,1000,Integer,8782
WhileNeeded,1000,Integer,8687
WhileNeeded,1000,Integer,9009
WhileNeeded,1000,Integer,10357
WhileNeeded,1000,Integer,9048
WhileNeeded,1000,Integer,8781
WhileNeeded,1000,Integer,8971
WhileNeeded,1000,Integer,8901
WhileNeeded,1000,Integer,8942
WhileNeeded,1000,Integer,8864
WhileNeeded,1000,Integer,8739
WhileNeeded,1000,Integer,9018
WhileNeeded,1000,Integer,9341
WhileNeeded,1000,Integer,9284
WhileNeeded,1000,Integer,9521
WhileNeeded,1000,Integer,9411
WhileNeeded,1000,Integer,8923
WhileNeeded,1000,Integer,9076
WhileNeeded,1000,Integer,8836
WhileNeeded,1000,Integer,9435
WhileNeeded,1000,Integer,8863
WhileNeeded,1000,Integer,8781
WhileNeeded,1000,Integer,8885
WhileNeeded,1000,Integer,8754
WhileNeeded,1000,Integer,8900
WhileNeeded,1000,Integer,8727
WhileNeeded,1000,Integer,8830
WhileNeeded,1000,Integer,8723
WhileNeeded,1000,Integer,9022
WhileNeeded,1000,Integer,9100
WhileNeeded,1000,Integer,8723
WhileNeeded,1000,Integer,8743
WhileNeeded,1000,Integer,8821
WhileNeeded,1000,Integer,8722
WhileNeeded,1000,Integer,8774
WhileNeeded,1000,Integer,8913
WhileNeeded,1000,Integer,8756
WhileNeeded,1000,Integer,8734
WhileNeeded,1000,Integer,8848
WhileNeeded,1000,Integer,8730
WhileNeeded,1000,Integer,8750
WhileNeeded,1000,Integer,8725
WhileNeeded,1000,Integer,8758
WhileNeeded,1000,Integer,8711
WhileNeeded,1000,Integer,8767
WhileNeeded,1000,Integer,8871
WhileNeeded,1000,Integer,8918
WhileNeeded,1000,Integer,9157
WhileNeeded,1000,Integer,9114
WhileNeeded,1000,Integer,9089
WhileNeeded,1000,Integer,9632
WhileNeeded,1000,Integer,8925
WhileNeeded,1000,Integer,8830
WhileNeeded,1000,Integer,8720
WhileNeeded,1000,Integer,8837
WhileNeeded,1000,Integer,8756
WhileNeeded,1000,Integer,8774
WhileNeeded,1000,Integer,8715
WhileNeeded,1000,Integer,8627
WhileNeeded,1000,Integer,8842
WhileNeeded,1000,Integer,8776
WhileNeeded,1000,Integer,8742
WhileNeeded,1000,Integer,8853
WhileNeeded,1000,Integer,8826
WhileNeeded,1000,Integer,8705
WhileNeeded,1000,Integer,8808
WhileNeeded,1000,Integer,8649
WhileNeeded,1000,Integer,8721
WhileNeeded,1000,Integer,8882
WhileNeeded,1000,Integer,8755
WhileNeeded,1000,Integer,8704
WhileNeeded,1000,Integer,8645
WhileNeeded,1000,Integer,8674
WhileNeeded,1000,Integer,8655
WhileNeeded,1000,Integer,8657
WhileNeeded,1000,Integer,8633
WhileNeeded,1000,Integer,8640
WhileNeeded,1000,Integer,8697
WhileNeeded,1000,Integer,8699
WhileNeeded,1000,Integer,8667
WhileNeeded,1000,Integer,8612
WhileNeeded,1000,Integer,8728
WhileNeeded,1000,Integer,10793
WhileNeeded,1000,Integer,8661
WhileNeeded,1000,Integer,8610
WhileNeeded,1000,Integer,8759
WhileNeeded,1000,Integer,8618
WhileNeeded,1000,Integer,8631
WhileNeeded,1000,Integer,8672
WhileNeeded,1000,Integer,8598
PassPerItem,5000,Integer,190920091
PassPerItem,5000,Integer,176352671
PassPerItem,5000,Integer,199641207
PassPerItem,5000,Integer,178818147
PassPerItem,5000,Integer,174097587
PassPerItem,5000,Integer,189600553
PassPerItem,5000,Integer,196427743
PassPerItem,5000,Integer,223133416
PassPerItem,5000,Integer,195555477
PassPerItem,5000,Integer,204363983
PassPerItem,5000,Integer,198817013
PassPerItem,5000,Integer,185012177
PassPerItem,5000,Integer,188601374
PassPerItem,5000,Integer,179377953
PassPerItem,5000,Integer,182918277
PassPerItem,5000,Integer,183932607
PassPerItem,5000,Integer,182678436
PassPerItem,5000,Integer,183062499
PassPerItem,5000,Integer,178616955
PassPerItem,5000,Integer,178346908
PassPerItem,5000,Integer,176739901
PassPerItem,5000,Integer,174016565
PassPerItem,5000,Integer,174792254
PassPerItem,5000,Integer,181552782
PassPerItem,5000,Integer,173479139
PassPerItem,5000,Integer,173920660
PassPerItem,5000,Integer,174578247
PassPerItem,5000,Integer,177662364
PassPerItem,5000,Integer,182704145
PassPerItem,5000,Integer,179190465
PassPerItem,5000,Integer,174188187
PassPerItem,5000,Integer,172380375
PassPerItem,5000,Integer,178254699
PassPerItem,5000,Integer,172758962
PassPerItem,5000,Integer,182200489
PassPerItem,5000,Integer,172696180
PassPerItem,5000,Integer,174174673
PassPerItem,5000,Integer,198883109
PassPerItem,5000,Integer,179104319
PassPerItem,5000,Integer,172363568
PassPerItem,5000,Integer,178045137
PassPerItem,5000,Integer,172437268
PassPerItem,5000,Integer,172348430
PassPerItem,5000,Integer,172366178
PassPerItem,5000,Integer,182234589
PassPerItem,5000,Integer,172310652
PassPerItem,5000,Integer,178669396
PassPerItem,5000,Integer,172545822
PassPerItem,5000,Integer,174257060
PassPerItem,5000,Integer,175595556
PassPerItem,5000,Integer,173093625
PassPerItem,5000,Integer,175120111
PassPerItem,5000,Integer,174167276
PassPerItem,5000,Integer,172342717
PassPerItem,5000,Integer,172333589
PassPerItem,5000,Integer,172405949
PassPerItem,5000,Integer,172260847
PassPerItem,5000,Integer,177476246
PassPerItem,5000,Integer,172400478
PassPerItem,5000,Integer,172433439
PassPerItem,5000,Integer,172322476
PassPerItem,5000,Integer,173240732
PassPerItem,5000,Integer,172417081
PassPerItem,5000,Integer,177395877
PassPerItem,5000,Integer,172458604
PassPerItem,5000,Integer,189971780
PassPerItem,5000,Integer,187549492
PassPerItem,5000,Integer,172310488
PassPerItem,5000,Integer,177923053
PassPerItem,5000,Integer,178819861
PassPerItem,5000,Integer,172464395
PassPerItem,5000,Integer,172805461
PassPerItem,5000,Integer,176620649
PassPerItem,5000,Integer,176049368
PassPerItem,5000,Integer,185155087
PassPerItem,5000,Integer,172661941
PassPerItem,5000,Integer,172294852
PassPerItem,5000,Integer,176722052
PassPerItem,5000,Integer,172997095
PassPerItem,5000,Integer,172177382
PassPerItem,5000,Integer,177918601
PassPerItem,5000,Integer,172305906
PassPerItem,5000,Integer,172160105
PassPerItem,5000,Integer,181474336
PassPerItem,5000,Integer,175530090
PassPerItem,5000,Integer,173106396
PassPerItem,5000,Integer,177979666
PassPerItem,5000,Integer,173002751
PassPerItem,5000,Integer,175671214
PassPerItem,5000,Integer,176103982
PassPerItem,5000,Integer,172262953
PassPerItem,5000,Integer,172407237
PassPerItem,5000,Integer,178486624
PassPerItem,5000,Integer,182670860
PassPerItem,5000,Integer,192574029
PassPerItem,5000,Integer,173958221
PassPerItem,5000,Integer,172293466
PassPerItem,5000,Integer,178168717
PassPerItem,5000,Integer,172329737
PassPerItem,5000,Integer,172252748
UntilNoChange,5000,Integer,39719
UntilNoChange,5000,Integer,45872
UntilNoChange,5000,Integer,44403
UntilNoChange,5000,Integer,37834
UntilNoChange,5000,Integer,39111
UntilNoChange,5000,Integer,43992
UntilNoChange,5000,Integer,46911
UntilNoChange,5000,Integer,45179
UntilNoChange,5000,Integer,44847
UntilNoChange,5000,Integer,45815
UntilNoChange,5000,Integer,42308
UntilNoChange,5000,Integer,40669
UntilNoChange,5000,Integer,39367
UntilNoChange,5000,Integer,40712
UntilNoChange,5000,Integer,39826
UntilNoChange,5000,Integer,40035
UntilNoChange,5000,Integer,40339
UntilNoChange,5000,Integer,39044
UntilNoChange,5000,Integer,39315
UntilNoChange,5000,Integer,39628
UntilNoChange,5000,Integer,37825
UntilNoChange,5000,Integer,38023
UntilNoChange,5000,Integer,37705
UntilNoChange,5000,Integer,37757
UntilNoChange,5000,Integer,37905
UntilNoChange,5000,Integer,37749
UntilNoChange,5000,Integer,37711
UntilNoChange,5000,Integer,38317
UntilNoChange,5000,Integer,41621
UntilNoChange,5000,Integer,39222
UntilNoChange,5000,Integer,37678
UntilNoChange,5000,Integer,37719
UntilNoChange,5000,Integer,38249
UntilNoChange,5000,Integer,37756
UntilNoChange,5000,Integer,38477
UntilNoChange,5000,Integer,37917
UntilNoChange,5000,Integer,42369
UntilNoChange,5000,Integer,44152
UntilNoChange,5000,Integer,38058
UntilNoChange,5000,Integer,37728
UntilNoChange,5000,Integer,37720
UntilNoChange,5000,Integer,37767
UntilNoChange,5000,Integer,37681
UntilNoChange,5000,Integer,39740
UntilNoChange,5000,Integer,39489
UntilNoChange,5000,Integer,37673
UntilNoChange,5000,Integer,41458
UntilNoChange,5000,Integer,37827
UntilNoChange,5000,Integer,37828
UntilNoChange,5000,Integer,38276
UntilNoChange,5000,Integer,37714
UntilNoChange,5000,Integer,39154
UntilNoChange,5000,Integer,38042
UntilNoChange,5000,Integer,37685
UntilNoChange,5000,Integer,37732
UntilNoChange,5000,Integer,37741
UntilNoChange,5000,Integer,37847
UntilNoChange,5000,Integer,37712
UntilNoChange,5000,Integer,37934
UntilNoChange,5000,Integer,37792
UntilNoChange,5000,Integer,37803
UntilNoChange,5000,Integer,37764
UntilNoChange,5000,Integer,37620
UntilNoChange,5000,Integer,37748
UntilNoChange,5000,Integer,37944
UntilNoChange,5000,Integer,44739
UntilNoChange,5000,Integer,38592
UntilNoChange,5000,Integer,37948
UntilNoChange,5000,Integer,39577
UntilNoChange,5000,Integer,38093
UntilNoChange,5000,Integer,37807
UntilNoChange,5000,Integer,37847
UntilNoChange,5000,Integer,39076
UntilNoChange,5000,Integer,38512
UntilNoChange,5000,Integer,39047
UntilNoChange,5000,Integer,37769
UntilNoChange,5000,Integer,38091
UntilNoChange,5000,Integer,38375
UntilNoChange,5000,Integer,37849
UntilNoChange,5000,Integer,37955
UntilNoChange,5000,Integer,37776
UntilNoChange,5000,Integer,37726
UntilNoChange,5000,Integer,37858
UntilNoChange,5000,Integer,39193
UntilNoChange,5000,Integer,38642
UntilNoChange,5000,Integer,37834
UntilNoChange,5000,Integer,37747
UntilNoChange,5000,Integer,37884
UntilNoChange,5000,Integer,38392
UntilNoChange,5000,Integer,38503
UntilNoChange,5000,Integer,37716
UntilNoChange,5000,Integer,37606
UntilNoChange,5000,Integer,37724
UntilNoChange,5000,Integer,45259
UntilNoChange,5000,Integer,38058
UntilNoChange,5000,Integer,38069
UntilNoChange,5000,Integer,37729
UntilNoChange,5000,Integer,37784
UntilNoChange,5000,Integer,37738
UntilNoChange,5000,Integer,37883
WhileNeeded,5000,Integer,38718
WhileNeeded,5000,Integer,44536
WhileNeeded,5000,Integer,43594
WhileNeeded,5000,Integer,37144
WhileNeeded,5000,Integer,38579
WhileNeeded,5000,Integer,43199
WhileNeeded,5000,Integer,69911
WhileNeeded,5000,Integer,43285
WhileNeeded,5000,Integer,43628
WhileNeeded,5000,Integer,44281
WhileNeeded,5000,Integer,41050
WhileNeeded,5000,Integer,39836
WhileNeeded,5000,Integer,38956
WhileNeeded,5000,Integer,54200
WhileNeeded,5000,Integer,39260
WhileNeeded,5000,Integer,39510
WhileNeeded,5000,Integer,39354
WhileNeeded,5000,Integer,38474
WhileNeeded,5000,Integer,38518
WhileNeeded,5000,Integer,38591
WhileNeeded,5000,Integer,51844
WhileNeeded,5000,Integer,37160
WhileNeeded,5000,Integer,37108
WhileNeeded,5000,Integer,37354
WhileNeeded,5000,Integer,37316
WhileNeeded,5000,Integer,37174
WhileNeeded,5000,Integer,37070
WhileNeeded,5000,Integer,37973
WhileNeeded,5000,Integer,40812
WhileNeeded,5000,Integer,38505
WhileNeeded,5000,Integer,37070
WhileNeeded,5000,Integer,37152
WhileNeeded,5000,Integer,37694
WhileNeeded,5000,Integer,37136
WhileNeeded,5000,Integer,37960
WhileNeeded,5000,Integer,37235
WhileNeeded,5000,Integer,41645
WhileNeeded,5000,Integer,43079
WhileNeeded,5000,Integer,37227
WhileNeeded,5000,Integer,37696
WhileNeeded,5000,Integer,37229
WhileNeeded,5000,Integer,37121
WhileNeeded,5000,Integer,37078
WhileNeeded,5000,Integer,37163
WhileNeeded,5000,Integer,39226
WhileNeeded,5000,Integer,37107
WhileNeeded,5000,Integer,40349
WhileNeeded,5000,Integer,37275
WhileNeeded,5000,Integer,37512
WhileNeeded,5000,Integer,37303
WhileNeeded,5000,Integer,37137
WhileNeeded,5000,Integer,38505
WhileNeeded,5000,Integer,37251
WhileNeeded,5000,Integer,37081
WhileNeeded,5000,Integer,37111
WhileNeeded,5000,Integer,37097
WhileNeeded,5000,Integer,37207
WhileNeeded,5000,Integer,37060
WhileNeeded,5000,Integer,37365
WhileNeeded,5000,Integer,37324
WhileNeeded,5000,Integer,37182
WhileNeeded,5000,Integer,37442
WhileNeeded,5000,Integer,37238
WhileNeeded,5000,Integer,37244
WhileNeeded,5000,Integer,37475
WhileNeeded,5000,Integer,44149
WhileNeeded,5000,Integer,37946
WhileNeeded,5000,Integer,37304
WhileNeeded,5000,Integer,38478
WhileNeeded,5000,Integer,37075
WhileNeeded,5000,Integer,37141
WhileNeeded,5000,Integer,37166
WhileNeeded,5000,Integer,38544
WhileNeeded,5000,Integer,37922
WhileNeeded,5000,Integer,38553
WhileNeeded,5000,Integer,37194
WhileNeeded,5000,Integer,39336
WhileNeeded,5000,Integer,37827
WhileNeeded,5000,Integer,37415
WhileNeeded,5000,Integer,37220
WhileNeeded,5000,Integer,37195
WhileNeeded,5000,Integer,37113
WhileNeeded,5000,Integer,37223
WhileNeeded,5000,Integer,38544
WhileNeeded,5000,Integer,37479
WhileNeeded,5000,Integer,37343
WhileNeeded,5000,Integer,37152
WhileNeeded,5000,Integer,37227
WhileNeeded,5000,Integer,37982
WhileNeeded,5000,Integer,38281
WhileNeeded,5000,Integer,37343
WhileNeeded,5000,Integer,37114
WhileNeeded,5000,Integer,37148
WhileNeeded,5000,Integer,43279
WhileNeeded,5000,Integer,37497
WhileNeeded,5000,Integer,37463
WhileNeeded,5000,Integer,37125
WhileNeeded,5000,Integer,37191
WhileNeeded,5000,Integer,37242
WhileNeeded,5000,Integer,37292
PassPerItem,100,Byte,34020
PassPerItem,100,Byte,33213
PassPerItem,100,Byte,33167
PassPerItem,100,Byte,33258
PassPerItem,100,Byte,33133
PassPerItem,100,Byte,33186
PassPerItem,100,Byte,33179
PassPerItem,100,Byte,33246
PassPerItem,100,Byte,33295
PassPerItem,100,Byte,33233
PassPerItem,100,Byte,33770
PassPerItem,100,Byte,48409
PassPerItem,100,Byte,36846
PassPerItem,100,Byte,49246
PassPerItem,100,Byte,53907
PassPerItem,100,Byte,57056
PassPerItem,100,Byte,58937
PassPerItem,100,Byte,59753
PassPerItem,100,Byte,58722
PassPerItem,100,Byte,60610
PassPerItem,100,Byte,61126
PassPerItem,100,Byte,60448
PassPerItem,100,Byte,60508
PassPerItem,100,Byte,61593
PassPerItem,100,Byte,52948
PassPerItem,100,Byte,51527
PassPerItem,100,Byte,52388
PassPerItem,100,Byte,56055
PassPerItem,100,Byte,61916
PassPerItem,100,Byte,60636
PassPerItem,100,Byte,51264
PassPerItem,100,Byte,33244
PassPerItem,100,Byte,33201
PassPerItem,100,Byte,47750
PassPerItem,100,Byte,47084
PassPerItem,100,Byte,50477
PassPerItem,100,Byte,56381
PassPerItem,100,Byte,49784
PassPerItem,100,Byte,33196
PassPerItem,100,Byte,33154
PassPerItem,100,Byte,33194
PassPerItem,100,Byte,33164
PassPerItem,100,Byte,33238
PassPerItem,100,Byte,33248
PassPerItem,100,Byte,33167
PassPerItem,100,Byte,33127
PassPerItem,100,Byte,33266
PassPerItem,100,Byte,33120
PassPerItem,100,Byte,33139
PassPerItem,100,Byte,33118
PassPerItem,100,Byte,33206
PassPerItem,100,Byte,33280
PassPerItem,100,Byte,33158
PassPerItem,100,Byte,33393
PassPerItem,100,Byte,53445
PassPerItem,100,Byte,33194
PassPerItem,100,Byte,33184
PassPerItem,100,Byte,33186
PassPerItem,100,Byte,33272
PassPerItem,100,Byte,33246
PassPerItem,100,Byte,33172
PassPerItem,100,Byte,33125
PassPerItem,100,Byte,33169
PassPerItem,100,Byte,33134
PassPerItem,100,Byte,33127
PassPerItem,100,Byte,33121
PassPerItem,100,Byte,33234
PassPerItem,100,Byte,33221
PassPerItem,100,Byte,33163
PassPerItem,100,Byte,33165
PassPerItem,100,Byte,33165
PassPerItem,100,Byte,33217
PassPerItem,100,Byte,33159
PassPerItem,100,Byte,33162
PassPerItem,100,Byte,33264
PassPerItem,100,Byte,33171
PassPerItem,100,Byte,33233
PassPerItem,100,Byte,33138
PassPerItem,100,Byte,33227
PassPerItem,100,Byte,33162
PassPerItem,100,Byte,33175
PassPerItem,100,Byte,33127
PassPerItem,100,Byte,33186
PassPerItem,100,Byte,33231
PassPerItem,100,Byte,33181
PassPerItem,100,Byte,33279
PassPerItem,100,Byte,33133
PassPerItem,100,Byte,33142
PassPerItem,100,Byte,33134
PassPerItem,100,Byte,33201
PassPerItem,100,Byte,33228
PassPerItem,100,Byte,33124
PassPerItem,100,Byte,33173
PassPerItem,100,Byte,33169
PassPerItem,100,Byte,33174
PassPerItem,100,Byte,33245
PassPerItem,100,Byte,33132
PassPerItem,100,Byte,33194
PassPerItem,100,Byte,33177
PassPerItem,100,Byte,33224
UntilNoChange,100,Byte,726
UntilNoChange,100,Byte,443
UntilNoChange,100,Byte,435
UntilNoChange,100,Byte,431
UntilNoChange,100,Byte,413
UntilNoChange,100,Byte,394
UntilNoChange,100,Byte,399
UntilNoChange,100,Byte,399
UntilNoChange,100,Byte,396
UntilNoChange,100,Byte,393
UntilNoChange,100,Byte,724
UntilNoChange,100,Byte,669
UntilNoChange,100,Byte,499
UntilNoChange,100,Byte,647
UntilNoChange,100,Byte,674
UntilNoChange,100,Byte,836
UntilNoChange,100,Byte,846
UntilNoChange,100,Byte,818
UntilNoChange,100,Byte,844
UntilNoChange,100,Byte,818
UntilNoChange,100,Byte,859
UntilNoChange,100,Byte,759
UntilNoChange,100,Byte,833
UntilNoChange,100,Byte,828
UntilNoChange,100,Byte,754
UntilNoChange,100,Byte,768
UntilNoChange,100,Byte,719
UntilNoChange,100,Byte,871
UntilNoChange,100,Byte,714
UntilNoChange,100,Byte,773
UntilNoChange,100,Byte,786
UntilNoChange,100,Byte,469
UntilNoChange,100,Byte,484
UntilNoChange,100,Byte,642
UntilNoChange,100,Byte,716
UntilNoChange,100,Byte,649
UntilNoChange,100,Byte,822
UntilNoChange,100,Byte,1096
UntilNoChange,100,Byte,466
UntilNoChange,100,Byte,428
UntilNoChange,100,Byte,427
UntilNoChange,100,Byte,410
UntilNoChange,100,Byte,413
UntilNoChange,100,Byte,435
UntilNoChange,100,Byte,414
UntilNoChange,100,Byte,442
UntilNoChange,100,Byte,412
UntilNoChange,100,Byte,424
UntilNoChange,100,Byte,417
UntilNoChange,100,Byte,414
UntilNoChange,100,Byte,444
UntilNoChange,100,Byte,437
UntilNoChange,100,Byte,396
UntilNoChange,100,Byte,628
UntilNoChange,100,Byte,787
UntilNoChange,100,Byte,406
UntilNoChange,100,Byte,427
UntilNoChange,100,Byte,406
UntilNoChange,100,Byte,461
UntilNoChange,100,Byte,435
UntilNoChange,100,Byte,461
UntilNoChange,100,Byte,417
UntilNoChange,100,Byte,430
UntilNoChange,100,Byte,413
UntilNoChange,100,Byte,447
UntilNoChange,100,Byte,386
UntilNoChange,100,Byte,421
UntilNoChange,100,Byte,413
UntilNoChange,100,Byte,548
UntilNoChange,100,Byte,399
UntilNoChange,100,Byte,431
UntilNoChange,100,Byte,394
UntilNoChange,100,Byte,438
UntilNoChange,100,Byte,394
UntilNoChange,100,Byte,432
UntilNoChange,100,Byte,393
UntilNoChange,100,Byte,437
UntilNoChange,100,Byte,392
UntilNoChange,100,Byte,468
UntilNoChange,100,Byte,416
UntilNoChange,100,Byte,450
UntilNoChange,100,Byte,418
UntilNoChange,100,Byte,449
UntilNoChange,100,Byte,444
UntilNoChange,100,Byte,430
UntilNoChange,100,Byte,409
UntilNoChange,100,Byte,396
UntilNoChange,100,Byte,397
UntilNoChange,100,Byte,428
UntilNoChange,100,Byte,393
UntilNoChange,100,Byte,421
UntilNoChange,100,Byte,477
UntilNoChange,100,Byte,396
UntilNoChange,100,Byte,412
UntilNoChange,100,Byte,394
UntilNoChange,100,Byte,397
UntilNoChange,100,Byte,399
UntilNoChange,100,Byte,436
UntilNoChange,100,Byte,402
UntilNoChange,100,Byte,399
WhileNeeded,100,Byte,1009
WhileNeeded,100,Byte,517
WhileNeeded,100,Byte,443
WhileNeeded,100,Byte,486
WhileNeeded,100,Byte,474
WhileNeeded,100,Byte,443
WhileNeeded,100,Byte,450
WhileNeeded,100,Byte,528
WhileNeeded,100,Byte,486
WhileNeeded,100,Byte,462
WhileNeeded,100,Byte,772
WhileNeeded,100,Byte,591
WhileNeeded,100,Byte,524
WhileNeeded,100,Byte,645
WhileNeeded,100,Byte,722
WhileNeeded,100,Byte,788
WhileNeeded,100,Byte,932
WhileNeeded,100,Byte,825
WhileNeeded,100,Byte,814
WhileNeeded,100,Byte,778
WhileNeeded,100,Byte,927
WhileNeeded,100,Byte,884
WhileNeeded,100,Byte,841
WhileNeeded,100,Byte,867
WhileNeeded,100,Byte,880
WhileNeeded,100,Byte,898
WhileNeeded,100,Byte,787
WhileNeeded,100,Byte,1093
WhileNeeded,100,Byte,984
WhileNeeded,100,Byte,910
WhileNeeded,100,Byte,766
WhileNeeded,100,Byte,638
WhileNeeded,100,Byte,517
WhileNeeded,100,Byte,616
WhileNeeded,100,Byte,685
WhileNeeded,100,Byte,662
WhileNeeded,100,Byte,995
WhileNeeded,100,Byte,875
WhileNeeded,100,Byte,488
WhileNeeded,100,Byte,470
WhileNeeded,100,Byte,553
WhileNeeded,100,Byte,441
WhileNeeded,100,Byte,493
WhileNeeded,100,Byte,504
WhileNeeded,100,Byte,462
WhileNeeded,100,Byte,500
WhileNeeded,100,Byte,452
WhileNeeded,100,Byte,444
WhileNeeded,100,Byte,446
WhileNeeded,100,Byte,420
WhileNeeded,100,Byte,479
WhileNeeded,100,Byte,441
WhileNeeded,100,Byte,512
WhileNeeded,100,Byte,769
WhileNeeded,100,Byte,938
WhileNeeded,100,Byte,453
WhileNeeded,100,Byte,496
WhileNeeded,100,Byte,461
WhileNeeded,100,Byte,498
WhileNeeded,100,Byte,456
WhileNeeded,100,Byte,461
WhileNeeded,100,Byte,441
WhileNeeded,100,Byte,434
WhileNeeded,100,Byte,426
WhileNeeded,100,Byte,489
WhileNeeded,100,Byte,469
WhileNeeded,100,Byte,501
WhileNeeded,100,Byte,524
WhileNeeded,100,Byte,512
WhileNeeded,100,Byte,447
WhileNeeded,100,Byte,456
WhileNeeded,100,Byte,435
WhileNeeded,100,Byte,455
WhileNeeded,100,Byte,460
WhileNeeded,100,Byte,476
WhileNeeded,100,Byte,444
WhileNeeded,100,Byte,442
WhileNeeded,100,Byte,423
WhileNeeded,100,Byte,474
WhileNeeded,100,Byte,431
WhileNeeded,100,Byte,428
WhileNeeded,100,Byte,502
WhileNeeded,100,Byte,494
WhileNeeded,100,Byte,506
WhileNeeded,100,Byte,503
WhileNeeded,100,Byte,493
WhileNeeded,100,Byte,518
WhileNeeded,100,Byte,480
WhileNeeded,100,Byte,531
WhileNeeded,100,Byte,524
WhileNeeded,100,Byte,511
WhileNeeded,100,Byte,500
WhileNeeded,100,Byte,498
WhileNeeded,100,Byte,434
WhileNeeded,100,Byte,489
WhileNeeded,100,Byte,485
WhileNeeded,100,Byte,498
WhileNeeded,100,Byte,492
WhileNeeded,100,Byte,507
WhileNeeded,100,Byte,458
PassPerItem,1000,Byte,8246651
PassPerItem,1000,Byte,8242185
PassPerItem,1000,Byte,8659169
PassPerItem,1000,Byte,8101745
PassPerItem,1000,Byte,8866300
PassPerItem,1000,Byte,8017692
PassPerItem,1000,Byte,8275996
PassPerItem,1000,Byte,7981076
PassPerItem,1000,Byte,13101350
PassPerItem,1000,Byte,7860174
PassPerItem,1000,Byte,7829753
PassPerItem,1000,Byte,7843313
PassPerItem,1000,Byte,13724148
PassPerItem,1000,Byte,8718871
PassPerItem,1000,Byte,7999765
PassPerItem,1000,Byte,7886155
PassPerItem,1000,Byte,13696700
PassPerItem,1000,Byte,9988509
PassPerItem,1000,Byte,7877459
PassPerItem,1000,Byte,7899522
PassPerItem,1000,Byte,13708636
PassPerItem,1000,Byte,8575374
PassPerItem,1000,Byte,7868870
PassPerItem,1000,Byte,7860344
PassPerItem,1000,Byte,7906039
PassPerItem,1000,Byte,13631944
PassPerItem,1000,Byte,14010376
PassPerItem,1000,Byte,13748168
PassPerItem,1000,Byte,8675993
PassPerItem,1000,Byte,7855683
PassPerItem,1000,Byte,7849939
PassPerItem,1000,Byte,7856319
PassPerItem,1000,Byte,7847043
PassPerItem,1000,Byte,7833949
PassPerItem,1000,Byte,7951629
PassPerItem,1000,Byte,7853137
PassPerItem,1000,Byte,7847877
PassPerItem,1000,Byte,7836469
PassPerItem,1000,Byte,7882398
PassPerItem,1000,Byte,7939316
PassPerItem,1000,Byte,8227203
PassPerItem,1000,Byte,7903771
PassPerItem,1000,Byte,10978581
PassPerItem,1000,Byte,7891733
PassPerItem,1000,Byte,9491350
PassPerItem,1000,Byte,7889116
PassPerItem,1000,Byte,7899576
PassPerItem,1000,Byte,7840482
PassPerItem,1000,Byte,7939099
PassPerItem,1000,Byte,7858932
PassPerItem,1000,Byte,7850106
PassPerItem,1000,Byte,11634390
PassPerItem,1000,Byte,8448569
PassPerItem,1000,Byte,8336989
PassPerItem,1000,Byte,8280501
PassPerItem,1000,Byte,8526126
PassPerItem,1000,Byte,8406681
PassPerItem,1000,Byte,8332241
PassPerItem,1000,Byte,8277910
PassPerItem,1000,Byte,8057819
PassPerItem,1000,Byte,7900885
PassPerItem,1000,Byte,7939606
PassPerItem,1000,Byte,7892360
PassPerItem,1000,Byte,7861428
PassPerItem,1000,Byte,7928008
PassPerItem,1000,Byte,7875093
PassPerItem,1000,Byte,7899217
PassPerItem,1000,Byte,7916978
PassPerItem,1000,Byte,7901409
PassPerItem,1000,Byte,7904209
PassPerItem,1000,Byte,7879780
PassPerItem,1000,Byte,7917831
PassPerItem,1000,Byte,7882287
PassPerItem,1000,Byte,7903344
PassPerItem,1000,Byte,7920690
PassPerItem,1000,Byte,7893908
PassPerItem,1000,Byte,7884497
PassPerItem,1000,Byte,7931427
PassPerItem,1000,Byte,7871262
PassPerItem,1000,Byte,7900721
PassPerItem,1000,Byte,7892777
PassPerItem,1000,Byte,7876786
PassPerItem,1000,Byte,7907056
PassPerItem,1000,Byte,7883807
PassPerItem,1000,Byte,7886895
PassPerItem,1000,Byte,7888782
PassPerItem,1000,Byte,7888982
PassPerItem,1000,Byte,7875014
PassPerItem,1000,Byte,7857187
PassPerItem,1000,Byte,7994530
PassPerItem,1000,Byte,7900523
PassPerItem,1000,Byte,7897896
PassPerItem,1000,Byte,7883437
PassPerItem,1000,Byte,7889226
PassPerItem,1000,Byte,7892797
PassPerItem,1000,Byte,7897842
PassPerItem,1000,Byte,7878860
PassPerItem,1000,Byte,7896942
PassPerItem,1000,Byte,7890575
PassPerItem,1000,Byte,7911247
UntilNoChange,1000,Byte,9304
UntilNoChange,1000,Byte,9169
UntilNoChange,1000,Byte,9275
UntilNoChange,1000,Byte,15662
UntilNoChange,1000,Byte,9342
UntilNoChange,1000,Byte,9273
UntilNoChange,1000,Byte,9130
UntilNoChange,1000,Byte,8650
UntilNoChange,1000,Byte,9234
UntilNoChange,1000,Byte,8687
UntilNoChange,1000,Byte,8631
UntilNoChange,1000,Byte,8684
UntilNoChange,1000,Byte,15926
UntilNoChange,1000,Byte,9085
UntilNoChange,1000,Byte,9088
UntilNoChange,1000,Byte,8850
UntilNoChange,1000,Byte,15647
UntilNoChange,1000,Byte,9238
UntilNoChange,1000,Byte,8867
UntilNoChange,1000,Byte,8951
UntilNoChange,1000,Byte,15853
UntilNoChange,1000,Byte,9051
UntilNoChange,1000,Byte,8688
UntilNoChange,1000,Byte,8741
UntilNoChange,1000,Byte,8989
UntilNoChange,1000,Byte,15457
UntilNoChange,1000,Byte,16228
UntilNoChange,1000,Byte,14838
UntilNoChange,1000,Byte,9062
UntilNoChange,1000,Byte,8752
UntilNoChange,1000,Byte,8684
UntilNoChange,1000,Byte,8807
UntilNoChange,1000,Byte,8777
UntilNoChange,1000,Byte,8825
UntilNoChange,1000,Byte,8940
UntilNoChange,1000,Byte,8916
UntilNoChange,1000,Byte,8707
UntilNoChange,1000,Byte,8873
UntilNoChange,1000,Byte,8911
UntilNoChange,1000,Byte,8931
UntilNoChange,1000,Byte,9308
UntilNoChange,1000,Byte,9098
UntilNoChange,1000,Byte,9192
UntilNoChange,1000,Byte,8881
UntilNoChange,1000,Byte,9696
UntilNoChange,1000,Byte,8987
UntilNoChange,1000,Byte,8797
UntilNoChange,1000,Byte,8742
UntilNoChange,1000,Byte,8935
UntilNoChange,1000,Byte,8699
UntilNoChange,1000,Byte,8732
UntilNoChange,1000,Byte,13560
UntilNoChange,1000,Byte,9791
UntilNoChange,1000,Byte,9273
UntilNoChange,1000,Byte,9756
UntilNoChange,1000,Byte,9606
UntilNoChange,1000,Byte,9984
UntilNoChange,1000,Byte,9309
UntilNoChange,1000,Byte,9322
UntilNoChange,1000,Byte,8867
UntilNoChange,1000,Byte,8767
UntilNoChange,1000,Byte,8815
UntilNoChange,1000,Byte,8936
UntilNoChange,1000,Byte,8783
UntilNoChange,1000,Byte,9206
UntilNoChange,1000,Byte,8714
UntilNoChange,1000,Byte,9281
UntilNoChange,1000,Byte,8862
UntilNoChange,1000,Byte,8811
UntilNoChange,1000,Byte,8735
UntilNoChange,1000,Byte,8869
UntilNoChange,1000,Byte,8877
UntilNoChange,1000,Byte,9415
UntilNoChange,1000,Byte,8835
UntilNoChange,1000,Byte,8979
UntilNoChange,1000,Byte,8829
UntilNoChange,1000,Byte,8925
UntilNoChange,1000,Byte,8868
UntilNoChange,1000,Byte,8872
UntilNoChange,1000,Byte,8860
UntilNoChange,1000,Byte,8911
UntilNoChange,1000,Byte,8699
UntilNoChange,1000,Byte,8840
UntilNoChange,1000,Byte,9474
UntilNoChange,1000,Byte,8747
UntilNoChange,1000,Byte,8750
UntilNoChange,1000,Byte,8831
UntilNoChange,1000,Byte,8658
UntilNoChange,1000,Byte,8627
UntilNoChange,1000,Byte,8956
UntilNoChange,1000,Byte,8891
UntilNoChange,1000,Byte,8780
UntilNoChange,1000,Byte,10897
UntilNoChange,1000,Byte,8964
UntilNoChange,1000,Byte,8868
UntilNoChange,1000,Byte,8825
UntilNoChange,1000,Byte,8954
UntilNoChange,1000,Byte,8821
UntilNoChange,1000,Byte,8993
UntilNoChange,1000,Byte,8899
WhileNeeded,1000,Byte,9117
WhileNeeded,1000,Byte,10203
WhileNeeded,1000,Byte,9089
WhileNeeded,1000,Byte,14330
WhileNeeded,1000,Byte,9118
WhileNeeded,1000,Byte,8697
WhileNeeded,1000,Byte,8940
WhileNeeded,1000,Byte,8621
WhileNeeded,1000,Byte,9388
WhileNeeded,1000,Byte,8769
WhileNeeded,1000,Byte,8526
WhileNeeded,1000,Byte,8514
WhileNeeded,1000,Byte,15812
WhileNeeded,1000,Byte,8732
WhileNeeded,1000,Byte,8873
WhileNeeded,1000,Byte,8597
WhileNeeded,1000,Byte,15749
WhileNeeded,1000,Byte,8693
WhileNeeded,1000,Byte,8738
WhileNeeded,1000,Byte,8696
WhileNeeded,1000,Byte,14479
WhileNeeded,1000,Byte,8774
WhileNeeded,1000,Byte,9139
WhileNeeded,1000,Byte,8631
WhileNeeded,1000,Byte,9235
WhileNeeded,1000,Byte,16027
WhileNeeded,1000,Byte,16052
WhileNeeded,1000,Byte,15287
WhileNeeded,1000,Byte,8620
WhileNeeded,1000,Byte,8599
WhileNeeded,1000,Byte,8567
WhileNeeded,1000,Byte,8555
WhileNeeded,1000,Byte,8884
WhileNeeded,1000,Byte,8633
WhileNeeded,1000,Byte,8753
WhileNeeded,1000,Byte,8868
WhileNeeded,1000,Byte,8685
WhileNeeded,1000,Byte,8664
WhileNeeded,1000,Byte,8691
WhileNeeded,1000,Byte,8707
WhileNeeded,1000,Byte,9114
WhileNeeded,1000,Byte,9121
WhileNeeded,1000,Byte,9093
WhileNeeded,1000,Byte,8660
WhileNeeded,1000,Byte,8851
WhileNeeded,1000,Byte,9211
WhileNeeded,1000,Byte,8567
WhileNeeded,1000,Byte,8600
WhileNeeded,1000,Byte,8666
WhileNeeded,1000,Byte,8926
WhileNeeded,1000,Byte,8600
WhileNeeded,1000,Byte,13670
WhileNeeded,1000,Byte,9491
WhileNeeded,1000,Byte,9436
WhileNeeded,1000,Byte,9532
WhileNeeded,1000,Byte,9394
WhileNeeded,1000,Byte,9886
WhileNeeded,1000,Byte,9348
WhileNeeded,1000,Byte,9116
WhileNeeded,1000,Byte,8781
WhileNeeded,1000,Byte,8695
WhileNeeded,1000,Byte,8598
WhileNeeded,1000,Byte,8597
WhileNeeded,1000,Byte,8717
WhileNeeded,1000,Byte,8872
WhileNeeded,1000,Byte,8744
WhileNeeded,1000,Byte,9027
WhileNeeded,1000,Byte,8854
WhileNeeded,1000,Byte,9019
WhileNeeded,1000,Byte,8710
WhileNeeded,1000,Byte,8742
WhileNeeded,1000,Byte,8653
WhileNeeded,1000,Byte,8793
WhileNeeded,1000,Byte,9215
WhileNeeded,1000,Byte,8977
WhileNeeded,1000,Byte,8830
WhileNeeded,1000,Byte,8736
WhileNeeded,1000,Byte,8992
WhileNeeded,1000,Byte,8753
WhileNeeded,1000,Byte,8623
WhileNeeded,1000,Byte,9166
WhileNeeded,1000,Byte,8609
WhileNeeded,1000,Byte,8997
WhileNeeded,1000,Byte,8781
WhileNeeded,1000,Byte,9014
WhileNeeded,1000,Byte,8618
WhileNeeded,1000,Byte,8767
WhileNeeded,1000,Byte,8528
WhileNeeded,1000,Byte,8576
WhileNeeded,1000,Byte,8757
WhileNeeded,1000,Byte,9036
WhileNeeded,1000,Byte,8660
WhileNeeded,1000,Byte,13533
WhileNeeded,1000,Byte,8794
WhileNeeded,1000,Byte,8838
WhileNeeded,1000,Byte,8823
WhileNeeded,1000,Byte,8799
WhileNeeded,1000,Byte,8698
WhileNeeded,1000,Byte,8663
WhileNeeded,1000,Byte,8807
PassPerItem,5000,Byte,183163772
PassPerItem,5000,Byte,172513361
PassPerItem,5000,Byte,184974479
PassPerItem,5000,Byte,188082844
PassPerItem,5000,Byte,182310755
PassPerItem,5000,Byte,199220238
PassPerItem,5000,Byte,200752122
PassPerItem,5000,Byte,195318988
PassPerItem,5000,Byte,198087850
PassPerItem,5000,Byte,196375234
PassPerItem,5000,Byte,199642328
PassPerItem,5000,Byte,198327564
PassPerItem,5000,Byte,197116276
PassPerItem,5000,Byte,195095340
PassPerItem,5000,Byte,196226772
PassPerItem,5000,Byte,192301406
PassPerItem,5000,Byte,188645633
PassPerItem,5000,Byte,191163542
PassPerItem,5000,Byte,183583180
PassPerItem,5000,Byte,177848064
PassPerItem,5000,Byte,182812559
PassPerItem,5000,Byte,176086633
PassPerItem,5000,Byte,176907667
PassPerItem,5000,Byte,179829645
PassPerItem,5000,Byte,176885480
PassPerItem,5000,Byte,178278529
PassPerItem,5000,Byte,176244865
PassPerItem,5000,Byte,176045628
PassPerItem,5000,Byte,178286102
PassPerItem,5000,Byte,176143587
PassPerItem,5000,Byte,176121206
PassPerItem,5000,Byte,178040338
PassPerItem,5000,Byte,180210956
PassPerItem,5000,Byte,176017414
PassPerItem,5000,Byte,177509293
PassPerItem,5000,Byte,175812700
PassPerItem,5000,Byte,176166755
PassPerItem,5000,Byte,177468066
PassPerItem,5000,Byte,171101068
PassPerItem,5000,Byte,195239136
PassPerItem,5000,Byte,179350837
PassPerItem,5000,Byte,170995436
PassPerItem,5000,Byte,173663470
PassPerItem,5000,Byte,172538403
PassPerItem,5000,Byte,170262074
PassPerItem,5000,Byte,174136180
PassPerItem,5000,Byte,172232677
PassPerItem,5000,Byte,174341982
PassPerItem,5000,Byte,174088533
PassPerItem,5000,Byte,170226501
PassPerItem,5000,Byte,170829702
PassPerItem,5000,Byte,173692767
PassPerItem,5000,Byte,170638044
PassPerItem,5000,Byte,171707515
PassPerItem,5000,Byte,172380768
PassPerItem,5000,Byte,170214860
PassPerItem,5000,Byte,170203973
PassPerItem,5000,Byte,173607731
PassPerItem,5000,Byte,171239021
PassPerItem,5000,Byte,178849964
PassPerItem,5000,Byte,173214905
PassPerItem,5000,Byte,170205354
PassPerItem,5000,Byte,172252155
PassPerItem,5000,Byte,171556728
PassPerItem,5000,Byte,172151352
PassPerItem,5000,Byte,173025878
PassPerItem,5000,Byte,170868652
PassPerItem,5000,Byte,173574139
PassPerItem,5000,Byte,196214844
PassPerItem,5000,Byte,171739389
PassPerItem,5000,Byte,173572477
PassPerItem,5000,Byte,173161829
PassPerItem,5000,Byte,173820024
PassPerItem,5000,Byte,170055248
PassPerItem,5000,Byte,173832289
PassPerItem,5000,Byte,170335534
PassPerItem,5000,Byte,171363481
PassPerItem,5000,Byte,173842165
PassPerItem,5000,Byte,170007624
PassPerItem,5000,Byte,170235577
PassPerItem,5000,Byte,172772592
PassPerItem,5000,Byte,170964844
PassPerItem,5000,Byte,171768788
PassPerItem,5000,Byte,172113084
PassPerItem,5000,Byte,171430368
PassPerItem,5000,Byte,171982076
PassPerItem,5000,Byte,171590286
PassPerItem,5000,Byte,170573320
PassPerItem,5000,Byte,174223367
PassPerItem,5000,Byte,170589699
PassPerItem,5000,Byte,170365326
PassPerItem,5000,Byte,173792945
PassPerItem,5000,Byte,175253520
PassPerItem,5000,Byte,171709101
PassPerItem,5000,Byte,174254586
PassPerItem,5000,Byte,170804650
PassPerItem,5000,Byte,179045244
PassPerItem,5000,Byte,193185955
PassPerItem,5000,Byte,172903984
PassPerItem,5000,Byte,171823317
UntilNoChange,5000,Byte,38948
UntilNoChange,5000,Byte,38617
UntilNoChange,5000,Byte,43207
UntilNoChange,5000,Byte,40578
UntilNoChange,5000,Byte,41411
UntilNoChange,5000,Byte,43232
UntilNoChange,5000,Byte,41812
UntilNoChange,5000,Byte,43341
UntilNoChange,5000,Byte,43001
UntilNoChange,5000,Byte,43052
UntilNoChange,5000,Byte,43226
UntilNoChange,5000,Byte,43297
UntilNoChange,5000,Byte,43232
UntilNoChange,5000,Byte,43087
UntilNoChange,5000,Byte,43443
UntilNoChange,5000,Byte,41041
UntilNoChange,5000,Byte,41036
UntilNoChange,5000,Byte,41329
UntilNoChange,5000,Byte,39833
UntilNoChange,5000,Byte,38314
UntilNoChange,5000,Byte,38576
UntilNoChange,5000,Byte,38264
UntilNoChange,5000,Byte,41396
UntilNoChange,5000,Byte,39067
UntilNoChange,5000,Byte,38317
UntilNoChange,5000,Byte,39996
UntilNoChange,5000,Byte,38447
UntilNoChange,5000,Byte,38209
UntilNoChange,5000,Byte,38660
UntilNoChange,5000,Byte,39802
UntilNoChange,5000,Byte,40199
UntilNoChange,5000,Byte,38591
UntilNoChange,5000,Byte,38534
UntilNoChange,5000,Byte,38213
UntilNoChange,5000,Byte,38577
UntilNoChange,5000,Byte,38266
UntilNoChange,5000,Byte,39944
UntilNoChange,5000,Byte,38624
UntilNoChange,5000,Byte,36904
UntilNoChange,5000,Byte,43366
UntilNoChange,5000,Byte,37586
UntilNoChange,5000,Byte,37208
UntilNoChange,5000,Byte,38587
UntilNoChange,5000,Byte,37020
UntilNoChange,5000,Byte,36967
UntilNoChange,5000,Byte,38542
UntilNoChange,5000,Byte,37423
UntilNoChange,5000,Byte,38356
UntilNoChange,5000,Byte,37361
UntilNoChange,5000,Byte,36987
UntilNoChange,5000,Byte,36922
UntilNoChange,5000,Byte,37319
UntilNoChange,5000,Byte,38232
UntilNoChange,5000,Byte,36946
UntilNoChange,5000,Byte,37394
UntilNoChange,5000,Byte,36914
UntilNoChange,5000,Byte,38178
UntilNoChange,5000,Byte,37389
UntilNoChange,5000,Byte,38318
UntilNoChange,5000,Byte,41300
UntilNoChange,5000,Byte,38405
UntilNoChange,5000,Byte,36942
UntilNoChange,5000,Byte,38595
UntilNoChange,5000,Byte,37048
UntilNoChange,5000,Byte,38264
UntilNoChange,5000,Byte,38647
UntilNoChange,5000,Byte,36925
UntilNoChange,5000,Byte,41673
UntilNoChange,5000,Byte,40123
UntilNoChange,5000,Byte,37192
UntilNoChange,5000,Byte,37147
UntilNoChange,5000,Byte,37370
UntilNoChange,5000,Byte,37190
UntilNoChange,5000,Byte,37036
UntilNoChange,5000,Byte,37340
UntilNoChange,5000,Byte,36945
UntilNoChange,5000,Byte,36911
UntilNoChange,5000,Byte,37320
UntilNoChange,5000,Byte,37064
UntilNoChange,5000,Byte,38541
UntilNoChange,5000,Byte,37438
UntilNoChange,5000,Byte,37172
UntilNoChange,5000,Byte,40028
UntilNoChange,5000,Byte,37040
UntilNoChange,5000,Byte,36976
UntilNoChange,5000,Byte,38653
UntilNoChange,5000,Byte,37026
UntilNoChange,5000,Byte,38217
UntilNoChange,5000,Byte,38672
UntilNoChange,5000,Byte,37021
UntilNoChange,5000,Byte,36929
UntilNoChange,5000,Byte,38669
UntilNoChange,5000,Byte,38760
UntilNoChange,5000,Byte,38292
UntilNoChange,5000,Byte,38628
UntilNoChange,5000,Byte,37069
UntilNoChange,5000,Byte,43294
UntilNoChange,5000,Byte,38571
UntilNoChange,5000,Byte,37076
UntilNoChange,5000,Byte,36916
WhileNeeded,5000,Byte,38252
WhileNeeded,5000,Byte,38399
WhileNeeded,5000,Byte,42589
WhileNeeded,5000,Byte,39524
WhileNeeded,5000,Byte,40995
WhileNeeded,5000,Byte,42482
WhileNeeded,5000,Byte,41690
WhileNeeded,5000,Byte,42658
WhileNeeded,5000,Byte,42572
WhileNeeded,5000,Byte,42860
WhileNeeded,5000,Byte,42586
WhileNeeded,5000,Byte,42602
WhileNeeded,5000,Byte,42706
WhileNeeded,5000,Byte,42242
WhileNeeded,5000,Byte,42529
WhileNeeded,5000,Byte,40593
WhileNeeded,5000,Byte,40610
WhileNeeded,5000,Byte,41003
WhileNeeded,5000,Byte,39266
WhileNeeded,5000,Byte,37846
WhileNeeded,5000,Byte,38436
WhileNeeded,5000,Byte,37868
WhileNeeded,5000,Byte,40962
WhileNeeded,5000,Byte,38212
WhileNeeded,5000,Byte,37882
WhileNeeded,5000,Byte,39482
WhileNeeded,5000,Byte,37932
WhileNeeded,5000,Byte,37850
WhileNeeded,5000,Byte,44246
WhileNeeded,5000,Byte,39387
WhileNeeded,5000,Byte,37910
WhileNeeded,5000,Byte,38572
WhileNeeded,5000,Byte,38219
WhileNeeded,5000,Byte,37874
WhileNeeded,5000,Byte,38101
WhileNeeded,5000,Byte,37837
WhileNeeded,5000,Byte,39486
WhileNeeded,5000,Byte,38122
WhileNeeded,5000,Byte,36528
WhileNeeded,5000,Byte,42605
WhileNeeded,5000,Byte,36845
WhileNeeded,5000,Byte,36699
WhileNeeded,5000,Byte,38099
WhileNeeded,5000,Byte,36613
WhileNeeded,5000,Byte,36535
WhileNeeded,5000,Byte,38205
WhileNeeded,5000,Byte,36841
WhileNeeded,5000,Byte,37858
WhileNeeded,5000,Byte,36821
WhileNeeded,5000,Byte,36696
WhileNeeded,5000,Byte,36543
WhileNeeded,5000,Byte,36898
WhileNeeded,5000,Byte,37914
WhileNeeded,5000,Byte,36555
WhileNeeded,5000,Byte,36904
WhileNeeded,5000,Byte,36483
WhileNeeded,5000,Byte,37802
WhileNeeded,5000,Byte,37000
WhileNeeded,5000,Byte,37826
WhileNeeded,5000,Byte,39678
WhileNeeded,5000,Byte,37855
WhileNeeded,5000,Byte,36543
WhileNeeded,5000,Byte,38178
WhileNeeded,5000,Byte,36543
WhileNeeded,5000,Byte,37852
WhileNeeded,5000,Byte,38198
WhileNeeded,5000,Byte,36629
WhileNeeded,5000,Byte,41085
WhileNeeded,5000,Byte,40056
WhileNeeded,5000,Byte,36749
WhileNeeded,5000,Byte,36616
WhileNeeded,5000,Byte,39171
WhileNeeded,5000,Byte,36744
WhileNeeded,5000,Byte,36654
WhileNeeded,5000,Byte,36947
WhileNeeded,5000,Byte,36556
WhileNeeded,5000,Byte,36532
WhileNeeded,5000,Byte,36976
WhileNeeded,5000,Byte,36516
WhileNeeded,5000,Byte,40752
WhileNeeded,5000,Byte,36871
WhileNeeded,5000,Byte,36588
WhileNeeded,5000,Byte,39487
WhileNeeded,5000,Byte,36633
WhileNeeded,5000,Byte,36586
WhileNeeded,5000,Byte,38196
WhileNeeded,5000,Byte,36713
WhileNeeded,5000,Byte,37815
WhileNeeded,5000,Byte,38194
WhileNeeded,5000,Byte,36519
WhileNeeded,5000,Byte,36576
WhileNeeded,5000,Byte,38148
WhileNeeded,5000,Byte,38024
WhileNeeded,5000,Byte,38003
WhileNeeded,5000,Byte,38381
WhileNeeded,5000,Byte,36668
WhileNeeded,5000,Byte,42664
WhileNeeded,5000,Byte,38505
WhileNeeded,5000,Byte,36617
WhileNeeded,5000,Byte,36526
PassPerItem,100,String,337205
PassPerItem,100,String,389085
PassPerItem,100,String,392587
PassPerItem,100,String,350114
PassPerItem,100,String,326701
PassPerItem,100,String,257215
PassPerItem,100,String,241087
PassPerItem,100,String,236419
PassPerItem,100,String,262824
PassPerItem,100,String,237896
PassPerItem,100,String,235065
PassPerItem,100,String,311819
PassPerItem,100,String,250828
PassPerItem,100,String,242624
PassPerItem,100,String,240155
PassPerItem,100,String,276193
PassPerItem,100,String,246155
PassPerItem,100,String,236504
PassPerItem,100,String,237229
PassPerItem,100,String,240735
PassPerItem,100,String,238207
PassPerItem,100,String,238362
PassPerItem,100,String,237072
PassPerItem,100,String,237051
PassPerItem,100,String,235914
PassPerItem,100,String,237478
PassPerItem,100,String,238300
PassPerItem,100,String,236438
PassPerItem,100,String,237705
PassPerItem,100,String,238508
PassPerItem,100,String,238456
PassPerItem,100,String,234488
PassPerItem,100,String,239398
PassPerItem,100,String,237006
PassPerItem,100,String,238608
PassPerItem,100,String,237534
PassPerItem,100,String,239812
PassPerItem,100,String,236307
PassPerItem,100,String,239017
PassPerItem,100,String,317341
PassPerItem,100,String,236765
PassPerItem,100,String,249406
PassPerItem,100,String,239589
PassPerItem,100,String,236364
PassPerItem,100,String,240137
PassPerItem,100,String,244815
PassPerItem,100,String,241900
PassPerItem,100,String,239245
PassPerItem,100,String,238188
PassPerItem,100,String,326844
PassPerItem,100,String,390048
PassPerItem,100,String,390672
PassPerItem,100,String,365797
PassPerItem,100,String,299933
PassPerItem,100,String,251901
PassPerItem,100,String,241389
PassPerItem,100,String,241789
PassPerItem,100,String,235831
PassPerItem,100,String,239106
PassPerItem,100,String,239727
PassPerItem,100,String,241989
PassPerItem,100,String,236134
PassPerItem,100,String,243491
PassPerItem,100,String,249785
PassPerItem,100,String,238558
PassPerItem,100,String,239900
PassPerItem,100,String,237141
PassPerItem,100,String,238486
PassPerItem,100,String,239184
PassPerItem,100,String,241926
PassPerItem,100,String,234844
PassPerItem,100,String,239187
PassPerItem,100,String,236930
PassPerItem,100,String,234831
PassPerItem,100,String,236530
PassPerItem,100,String,236201
PassPerItem,100,String,259786
PassPerItem,100,String,237929
PassPerItem,100,String,237481
PassPerItem,100,String,236352
PassPerItem,100,String,237322
PassPerItem,100,String,235935
PassPerItem,100,String,241515
PassPerItem,100,String,235943
PassPerItem,100,String,236366
PassPerItem,100,String,235668
PassPerItem,100,String,238224
PassPerItem,100,String,236862
PassPerItem,100,String,348763
PassPerItem,100,String,236396
PassPerItem,100,String,237992
PassPerItem,100,String,247428
PassPerItem,100,String,238941
PassPerItem,100,String,241687
PassPerItem,100,String,240883
PassPerItem,100,String,238172
PassPerItem,100,String,241128
PassPerItem,100,String,238340
PassPerItem,100,String,333515
PassPerItem,100,String,387277
UntilNoChange,100,String,4939
UntilNoChange,100,String,5399
UntilNoChange,100,String,4458
UntilNoChange,100,String,5312
UntilNoChange,100,String,3236
UntilNoChange,100,String,3018
UntilNoChange,100,String,2916
UntilNoChange,100,String,2795
UntilNoChange,100,String,3053
UntilNoChange,100,String,2851
UntilNoChange,100,String,2859
UntilNoChange,100,String,4454
UntilNoChange,100,String,3079
UntilNoChange,100,String,2904
UntilNoChange,100,String,2791
UntilNoChange,100,String,3117
UntilNoChange,100,String,3052
UntilNoChange,100,String,2933
UntilNoChange,100,String,2812
UntilNoChange,100,String,2810
UntilNoChange,100,String,2832
UntilNoChange,100,String,2818
UntilNoChange,100,String,2792
UntilNoChange,100,String,2824
UntilNoChange,100,String,2814
UntilNoChange,100,String,2816
UntilNoChange,100,String,2804
UntilNoChange,100,String,2877
UntilNoChange,100,String,2817
UntilNoChange,100,String,2822
UntilNoChange,100,String,2831
UntilNoChange,100,String,2765
UntilNoChange,100,String,2860
UntilNoChange,100,String,2771
UntilNoChange,100,String,2876
UntilNoChange,100,String,2789
UntilNoChange,100,String,2827
UntilNoChange,100,String,2784
UntilNoChange,100,String,2867
UntilNoChange,100,String,3055
UntilNoChange,100,String,2904
UntilNoChange,100,String,2943
UntilNoChange,100,String,2851
UntilNoChange,100,String,2773
UntilNoChange,100,String,2937
UntilNoChange,100,String,3014
UntilNoChange,100,String,3054
UntilNoChange,100,String,3229
UntilNoChange,100,String,2928
UntilNoChange,100,String,4417
UntilNoChange,100,String,4835
UntilNoChange,100,String,4773
UntilNoChange,100,String,4969
UntilNoChange,100,String,3031
UntilNoChange,100,String,2959
UntilNoChange,100,String,2914
UntilNoChange,100,String,3333
UntilNoChange,100,String,2777
UntilNoChange,100,String,2811
UntilNoChange,100,String,2956
UntilNoChange,100,String,2752
UntilNoChange,100,String,2826
UntilNoChange,100,String,2922
UntilNoChange,100,String,2842
UntilNoChange,100,String,3013
UntilNoChange,100,String,2867
UntilNoChange,100,String,3063
UntilNoChange,100,String,2766
UntilNoChange,100,String,2726
UntilNoChange,100,String,2794
UntilNoChange,100,String,2720
UntilNoChange,100,String,2804
UntilNoChange,100,String,2785
UntilNoChange,100,String,2727
UntilNoChange,100,String,2720
UntilNoChange,100,String,2736
UntilNoChange,100,String,2757
UntilNoChange,100,String,2734
UntilNoChange,100,String,2769
UntilNoChange,100,String,2747
UntilNoChange,100,String,2718
UntilNoChange,100,String,2753
UntilNoChange,100,String,2699
UntilNoChange,100,String,2757
UntilNoChange,100,String,2747
UntilNoChange,100,String,2725
UntilNoChange,100,String,2706
UntilNoChange,100,String,2778
UntilNoChange,100,String,3095
UntilNoChange,100,String,2866
UntilNoChange,100,String,2751
UntilNoChange,100,String,2986
UntilNoChange,100,String,2840
UntilNoChange,100,String,2841
UntilNoChange,100,String,2826
UntilNoChange,100,String,2750
UntilNoChange,100,String,2796
UntilNoChange,100,String,2853
UntilNoChange,100,String,4782
UntilNoChange,100,String,4768
WhileNeeded,100,String,4633
WhileNeeded,100,String,5095
WhileNeeded,100,String,4670
WhileNeeded,100,String,5166
WhileNeeded,100,String,3208
WhileNeeded,100,String,3043
WhileNeeded,100,String,2892
WhileNeeded,100,String,2862
WhileNeeded,100,String,2842
WhileNeeded,100,String,2958
WhileNeeded,100,String,2806
WhileNeeded,100,String,4287
WhileNeeded,100,String,3136
WhileNeeded,100,String,2887
WhileNeeded,100,String,2721
WhileNeeded,100,String,2983
WhileNeeded,100,String,2857
WhileNeeded,100,String,2789
WhileNeeded,100,String,2773
WhileNeeded,100,String,2751
WhileNeeded,100,String,2758
WhileNeeded,100,String,2729
WhileNeeded,100,String,2727
WhileNeeded,100,String,2694
WhileNeeded,100,String,2714
WhileNeeded,100,String,2704
WhileNeeded,100,String,2742
WhileNeeded,100,String,2732
WhileNeeded,100,String,2733
WhileNeeded,100,String,2814
WhileNeeded,100,String,2785
WhileNeeded,100,String,2758
WhileNeeded,100,String,2717
WhileNeeded,100,String,2710
WhileNeeded,100,String,2783
WhileNeeded,100,String,2734
WhileNeeded,100,String,2735
WhileNeeded,100,String,2728
WhileNeeded,100,String,2841
WhileNeeded,100,String,3089
WhileNeeded,100,String,2782
WhileNeeded,100,String,2749
WhileNeeded,100,String,2779
WhileNeeded,100,String,2723
WhileNeeded,100,String,2907
WhileNeeded,100,String,2936
WhileNeeded,100,String,2835
WhileNeeded,100,String,2896
WhileNeeded,100,String,2749
WhileNeeded,100,String,4161
WhileNeeded,100,String,4693
WhileNeeded,100,String,4515
WhileNeeded,100,String,5440
WhileNeeded,100,String,3049
WhileNeeded,100,String,2995
WhileNeeded,100,String,2869
WhileNeeded,100,String,2749
WhileNeeded,100,String,2705
WhileNeeded,100,String,2878
WhileNeeded,100,String,2773
WhileNeeded,100,String,2796
WhileNeeded,100,String,2841
WhileNeeded,100,String,2854
WhileNeeded,100,String,2846
WhileNeeded,100,String,2999
WhileNeeded,100,String,2894
WhileNeeded,100,String,2741
WhileNeeded,100,String,2762
WhileNeeded,100,String,3062
WhileNeeded,100,String,2836
WhileNeeded,100,String,2663
WhileNeeded,100,String,2692
WhileNeeded,100,String,2739
WhileNeeded,100,String,2721
WhileNeeded,100,String,2707
WhileNeeded,100,String,2708
WhileNeeded,100,String,2763
WhileNeeded,100,String,2668
WhileNeeded,100,String,2711
WhileNeeded,100,String,2748
WhileNeeded,100,String,2709
WhileNeeded,100,String,2729
WhileNeeded,100,String,2680
WhileNeeded,100,String,2722
WhileNeeded,100,String,2705
WhileNeeded,100,String,2793
WhileNeeded,100,String,2682
WhileNeeded,100,String,2754
WhileNeeded,100,String,3149
WhileNeeded,100,String,2813
WhileNeeded,100,String,2802
WhileNeeded,100,String,2799
WhileNeeded,100,String,2805
WhileNeeded,100,String,2729
WhileNeeded,100,String,2732
WhileNeeded,100,String,2789
WhileNeeded,100,String,2735
WhileNeeded,100,String,2778
WhileNeeded,100,String,4747
WhileNeeded,100,String,4623
PassPerItem,1000,String,135156105
PassPerItem,1000,String,129748550
PassPerItem,1000,String,131545931
PassPerItem,1000,String,150915515
PassPerItem,1000,String,137199862
PassPerItem,1000,String,130110076
PassPerItem,1000,String,130542645
PassPerItem,1000,String,131377510
PassPerItem,1000,String,129560377
PassPerItem,1000,String,128912457
PassPerItem,1000,String,132944779
PassPerItem,1000,String,132497478
PassPerItem,1000,String,134939711
PassPerItem,1000,String,129834181
PassPerItem,1000,String,127503047
PassPerItem,1000,String,128772863
PassPerItem,1000,String,129036979
PassPerItem,1000,String,126166632
PassPerItem,1000,String,127346271
PassPerItem,1000,String,133878433
PassPerItem,1000,String,133578943
PassPerItem,1000,String,130299993
PassPerItem,1000,String,121704345
PassPerItem,1000,String,126723897
PassPerItem,1000,String,124596206
PassPerItem,1000,String,123140219
PassPerItem,1000,String,120721920
PassPerItem,1000,String,119722332
PassPerItem,1000,String,120246875
PassPerItem,1000,String,122463028
PassPerItem,1000,String,118720248
PassPerItem,1000,String,115870059
PassPerItem,1000,String,118534422
PassPerItem,1000,String,114806090
PassPerItem,1000,String,122195398
PassPerItem,1000,String,142525601
PassPerItem,1000,String,123576587
PassPerItem,1000,String,118107650
PassPerItem,1000,String,118218548
PassPerItem,1000,String,119721490
PassPerItem,1000,String,119091294
PassPerItem,1000,String,115942648
PassPerItem,1000,String,115993341
PassPerItem,1000,String,113654730
PassPerItem,1000,String,116223256
PassPerItem,1000,String,119587355
PassPerItem,1000,String,116231293
PassPerItem,1000,String,122431549
PassPerItem,1000,String,115789041
PassPerItem,1000,String,116644423
PassPerItem,1000,String,116250277
PassPerItem,1000,String,115525828
PassPerItem,1000,String,115604840
PassPerItem,1000,String,114252874
PassPerItem,1000,String,117194933
PassPerItem,1000,String,116305333
PassPerItem,1000,String,113153774
PassPerItem,1000,String,112155004
PassPerItem,1000,String,116469065
PassPerItem,1000,String,114123062
PassPerItem,1000,String,114347207
PassPerItem,1000,String,113423571
PassPerItem,1000,String,112138296
PassPerItem,1000,String,115576974
PassPerItem,1000,String,111327023
PassPerItem,1000,String,114178779
PassPerItem,1000,String,111968810
PassPerItem,1000,String,113873558
PassPerItem,1000,String,113854989
PassPerItem,1000,String,111967428
PassPerItem,1000,String,115340993
PassPerItem,1000,String,111892937
PassPerItem,1000,String,115434100
PassPerItem,1000,String,122065604
PassPerItem,1000,String,112076336
PassPerItem,1000,String,113472701
PassPerItem,1000,String,114154994
PassPerItem,1000,String,127621174
PassPerItem,1000,String,131692180
PassPerItem,1000,String,116977967
PassPerItem,1000,String,119107932
PassPerItem,1000,String,116635339
PassPerItem,1000,String,116489160
PassPerItem,1000,String,115883097
PassPerItem,1000,String,111954107
PassPerItem,1000,String,114001706
PassPerItem,1000,String,112658633
PassPerItem,1000,String,110443195
PassPerItem,1000,String,113319450
PassPerItem,1000,String,115606663
PassPerItem,1000,String,115184773
PassPerItem,1000,String,112557067
PassPerItem,1000,String,110860713
PassPerItem,1000,String,112799990
PassPerItem,1000,String,115497804
PassPerItem,1000,String,112436888
PassPerItem,1000,String,112281726
PassPerItem,1000,String,112476839
PassPerItem,1000,String,113110514
PassPerItem,1000,String,112387113
UntilNoChange,1000,String,133178
UntilNoChange,1000,String,131127
UntilNoChange,1000,String,132176
UntilNoChange,1000,String,136450
UntilNoChange,1000,String,132489
UntilNoChange,1000,String,134236
UntilNoChange,1000,String,133282
UntilNoChange,1000,String,132440
UntilNoChange,1000,String,130629
UntilNoChange,1000,String,131026
UntilNoChange,1000,String,137580
UntilNoChange,1000,String,132549
UntilNoChange,1000,String,132534
UntilNoChange,1000,String,131344
UntilNoChange,1000,String,131997
UntilNoChange,1000,String,130940
UntilNoChange,1000,String,131999
UntilNoChange,1000,String,130139
UntilNoChange,1000,String,136149
UntilNoChange,1000,String,138719
UntilNoChange,1000,String,131979
UntilNoChange,1000,String,121091
UntilNoChange,1000,String,122113
UntilNoChange,1000,String,132705
UntilNoChange,1000,String,121649
UntilNoChange,1000,String,123633
UntilNoChange,1000,String,122111
UntilNoChange,1000,String,121747
UntilNoChange,1000,String,120901
UntilNoChange,1000,String,126347
UntilNoChange,1000,String,121858
UntilNoChange,1000,String,116218
UntilNoChange,1000,String,122103
UntilNoChange,1000,String,118063
UntilNoChange,1000,String,130343
UntilNoChange,1000,String,131024
UntilNoChange,1000,String,122059
UntilNoChange,1000,String,125474
UntilNoChange,1000,String,126643
UntilNoChange,1000,String,136675
UntilNoChange,1000,String,121850
UntilNoChange,1000,String,116871
UntilNoChange,1000,String,117617
UntilNoChange,1000,String,117000
UntilNoChange,1000,String,117909
UntilNoChange,1000,String,117427
UntilNoChange,1000,String,117404
UntilNoChange,1000,String,122965
UntilNoChange,1000,String,116939
UntilNoChange,1000,String,117363
UntilNoChange,1000,String,114451
UntilNoChange,1000,String,117721
UntilNoChange,1000,String,118120
UntilNoChange,1000,String,116837
UntilNoChange,1000,String,117213
UntilNoChange,1000,String,119160
UntilNoChange,1000,String,112562
UntilNoChange,1000,String,112882
UntilNoChange,1000,String,119108
UntilNoChange,1000,String,116930
UntilNoChange,1000,String,112936
UntilNoChange,1000,String,114643
UntilNoChange,1000,String,121895
UntilNoChange,1000,String,113843
UntilNoChange,1000,String,116162
UntilNoChange,1000,String,113166
UntilNoChange,1000,String,112131
UntilNoChange,1000,String,117148
UntilNoChange,1000,String,114572
UntilNoChange,1000,String,112792
UntilNoChange,1000,String,114892
UntilNoChange,1000,String,116578
UntilNoChange,1000,String,116379
UntilNoChange,1000,String,118534
UntilNoChange,1000,String,112467
UntilNoChange,1000,String,113652
UntilNoChange,1000,String,121539
UntilNoChange,1000,String,131877
UntilNoChange,1000,String,123849
UntilNoChange,1000,String,114101
UntilNoChange,1000,String,122023
UntilNoChange,1000,String,114289
UntilNoChange,1000,String,127394
UntilNoChange,1000,String,115024
UntilNoChange,1000,String,112934
UntilNoChange,1000,String,113405
UntilNoChange,1000,String,113409
UntilNoChange,1000,String,111518
UntilNoChange,1000,String,117538
UntilNoChange,1000,String,117114
UntilNoChange,1000,String,114410
UntilNoChange,1000,String,113405
UntilNoChange,1000,String,112105
UntilNoChange,1000,String,128563
UntilNoChange,1000,String,123897
UntilNoChange,1000,String,113195
UntilNoChange,1000,String,113487
UntilNoChange,1000,String,113723
UntilNoChange,1000,String,116383
UntilNoChange,1000,String,113269
WhileNeeded,1000,String,132481
WhileNeeded,1000,String,130839
WhileNeeded,1000,String,131698
WhileNeeded,1000,String,136242
WhileNeeded,1000,String,132440
WhileNeeded,1000,String,131310
WhileNeeded,1000,String,132722
WhileNeeded,1000,String,132541
WhileNeeded,1000,String,130675
WhileNeeded,1000,String,130267
WhileNeeded,1000,String,183799
WhileNeeded,1000,String,132517
WhileNeeded,1000,String,131591
WhileNeeded,1000,String,130946
WhileNeeded,1000,String,131562
WhileNeeded,1000,String,130886
WhileNeeded,1000,String,129878
WhileNeeded,1000,String,133852
WhileNeeded,1000,String,132046
WhileNeeded,1000,String,139031
WhileNeeded,1000,String,131496
WhileNeeded,1000,String,121031
WhileNeeded,1000,String,122147
WhileNeeded,1000,String,132502
WhileNeeded,1000,String,121297
WhileNeeded,1000,String,123879
WhileNeeded,1000,String,121390
WhileNeeded,1000,String,121263
WhileNeeded,1000,String,120773
WhileNeeded,1000,String,126984
WhileNeeded,1000,String,122074
WhileNeeded,1000,String,116644
WhileNeeded,1000,String,121991
WhileNeeded,1000,String,115659
WhileNeeded,1000,String,130327
WhileNeeded,1000,String,130894
WhileNeeded,1000,String,121385
WhileNeeded,1000,String,125971
WhileNeeded,1000,String,126457
WhileNeeded,1000,String,120843
WhileNeeded,1000,String,121702
WhileNeeded,1000,String,116461
WhileNeeded,1000,String,117500
WhileNeeded,1000,String,116999
WhileNeeded,1000,String,117576
WhileNeeded,1000,String,117103
WhileNeeded,1000,String,117691
WhileNeeded,1000,String,123125
WhileNeeded,1000,String,116825
WhileNeeded,1000,String,116995
WhileNeeded,1000,String,114720
WhileNeeded,1000,String,117369
WhileNeeded,1000,String,117537
WhileNeeded,1000,String,116498
WhileNeeded,1000,String,117293
WhileNeeded,1000,String,118786
WhileNeeded,1000,String,112457
WhileNeeded,1000,String,113736
WhileNeeded,1000,String,118313
WhileNeeded,1000,String,116986
WhileNeeded,1000,String,112721
WhileNeeded,1000,String,114699
WhileNeeded,1000,String,116918
WhileNeeded,1000,String,113931
WhileNeeded,1000,String,115876
WhileNeeded,1000,String,113083
WhileNeeded,1000,String,112308
WhileNeeded,1000,String,117362
WhileNeeded,1000,String,114908
WhileNeeded,1000,String,112526
WhileNeeded,1000,String,114583
WhileNeeded,1000,String,116240
WhileNeeded,1000,String,116459
WhileNeeded,1000,String,118241
WhileNeeded,1000,String,112243
WhileNeeded,1000,String,113070
WhileNeeded,1000,String,121881
WhileNeeded,1000,String,133392
WhileNeeded,1000,String,123606
WhileNeeded,1000,String,113690
WhileNeeded,1000,String,122041
WhileNeeded,1000,String,114415
WhileNeeded,1000,String,127188
WhileNeeded,1000,String,119105
WhileNeeded,1000,String,112816
WhileNeeded,1000,String,113288
WhileNeeded,1000,String,113593
WhileNeeded,1000,String,111618
WhileNeeded,1000,String,117707
WhileNeeded,1000,String,117072
WhileNeeded,1000,String,114388
WhileNeeded,1000,String,113206
WhileNeeded,1000,String,112536
WhileNeeded,1000,String,120761
WhileNeeded,1000,String,117723
WhileNeeded,1000,String,113127
WhileNeeded,1000,String,113331
WhileNeeded,1000,String,113807
WhileNeeded,1000,String,116213
WhileNeeded,1000,String,113352
PassPerItem,5000,String,26794783214
PassPerItem,5000,String,27537652663
PassPerItem,5000,String,28655455316
PassPerItem,5000,String,26783777310
PassPerItem,5000,String,25876872124
PassPerItem,5000,String,26916973023
PassPerItem,5000,String,26190561186
PassPerItem,5000,String,30100566887
PassPerItem,5000,String,24907870776
PassPerItem,5000,String,27381378335
PassPerItem,5000,String,24925280791
PassPerItem,5000,String,26626476783
PassPerItem,5000,String,27457153866
PassPerItem,5000,String,24846067046
PassPerItem,5000,String,24747080733
PassPerItem,5000,String,24740871359
PassPerItem,5000,String,26543691651
PassPerItem,5000,String,24832395137
PassPerItem,5000,String,24799801750
PassPerItem,5000,String,27520253559
PassPerItem,5000,String,24858736413
PassPerItem,5000,String,24814844632
PassPerItem,5000,String,24773133135
PassPerItem,5000,String,26926518760
PassPerItem,5000,String,24902113503
PassPerItem,5000,String,25616856045
PassPerItem,5000,String,26574082353
PassPerItem,5000,String,27012685723
PassPerItem,5000,String,27472191632
PassPerItem,5000,String,25955044987
PassPerItem,5000,String,24864633167
PassPerItem,5000,String,27590459377
PassPerItem,5000,String,24919620751
PassPerItem,5000,String,24812508354
PassPerItem,5000,String,25694211676
PassPerItem,5000,String,24849743083
PassPerItem,5000,String,24948564533
PassPerItem,5000,String,25541344456
PassPerItem,5000,String,26944429101
PassPerItem,5000,String,26364991014
PassPerItem,5000,String,27172585954
PassPerItem,5000,String,24967968984
PassPerItem,5000,String,26027561548
PassPerItem,5000,String,29143721473
PassPerItem,5000,String,26979220453
PassPerItem,5000,String,27181822757
PassPerItem,5000,String,26256940049
PassPerItem,5000,String,25578787462
PassPerItem,5000,String,27881472767
PassPerItem,5000,String,25838587955
PassPerItem,5000,String,25962442950
PassPerItem,5000,String,28037286690
PassPerItem,5000,String,28339098251
PassPerItem,5000,String,25514560579
PassPerItem,5000,String,25888069586
PassPerItem,5000,String,27510012588
PassPerItem,5000,String,25586419422
PassPerItem,5000,String,25525063293
PassPerItem,5000,String,26740448835
PassPerItem,5000,String,25532724637
PassPerItem,5000,String,25468886814
PassPerItem,5000,String,26683466370
PassPerItem,5000,String,25778278077
PassPerItem,5000,String,25525142090
PassPerItem,5000,String,27005422767
PassPerItem,5000,String,25569071156
PassPerItem,5000,String,25549882647
PassPerItem,5000,String,25614232521
PassPerItem,5000,String,25688586497
PassPerItem,5000,String,25471956185
PassPerItem,5000,String,25607195783
PassPerItem,5000,String,27881404306
PassPerItem,5000,String,25591812314
PassPerItem,5000,String,25506187988
PassPerItem,5000,String,25520134075
PassPerItem,5000,String,26445047163
PassPerItem,5000,String,26674218409
PassPerItem,5000,String,28266556833
PassPerItem,5000,String,27285160685
PassPerItem,5000,String,25651463693
PassPerItem,5000,String,26314304087
PassPerItem,5000,String,27409784612
PassPerItem,5000,String,28152771622
PassPerItem,5000,String,24820566197
PassPerItem,5000,String,24816738935
PassPerItem,5000,String,28261696073
PassPerItem,5000,String,26996525575
PassPerItem,5000,String,25027511597
PassPerItem,5000,String,26711490242
PassPerItem,5000,String,27945835148
PassPerItem,5000,String,25582631727
PassPerItem,5000,String,26382637739
PassPerItem,5000,String,27461552374
PassPerItem,5000,String,25389583245
PassPerItem,5000,String,24865845998
PassPerItem,5000,String,24773116740
PassPerItem,5000,String,24684319385
PassPerItem,5000,String,24901898256
PassPerItem,5000,String,26112512741
PassPerItem,5000,String,24839726899
UntilNoChange,5000,String,5342389
UntilNoChange,5000,String,5476459
UntilNoChange,5000,String,5763702
UntilNoChange,5000,String,5403191
UntilNoChange,5000,String,5151436
UntilNoChange,5000,String,5455967
UntilNoChange,5000,String,5150200
UntilNoChange,5000,String,5373496
UntilNoChange,5000,String,4883360
UntilNoChange,5000,String,5485682
UntilNoChange,5000,String,5037014
UntilNoChange,5000,String,5178543
UntilNoChange,5000,String,5466255
UntilNoChange,5000,String,5012261
UntilNoChange,5000,String,4892641
UntilNoChange,5000,String,5015297
UntilNoChange,5000,String,5328599
UntilNoChange,5000,String,4912588
UntilNoChange,5000,String,5031557
UntilNoChange,5000,String,5453628
UntilNoChange,5000,String,5640126
UntilNoChange,5000,String,5071360
UntilNoChange,5000,String,5000200
UntilNoChange,5000,String,5406367
UntilNoChange,5000,String,5054902
UntilNoChange,5000,String,5160671
UntilNoChange,5000,String,5184398
UntilNoChange,5000,String,5429279
UntilNoChange,5000,String,5510048
UntilNoChange,5000,String,5155976
UntilNoChange,5000,String,4936339
UntilNoChange,5000,String,6121473
UntilNoChange,5000,String,5013926
UntilNoChange,5000,String,4908433
UntilNoChange,5000,String,5152060
UntilNoChange,5000,String,5294460
UntilNoChange,5000,String,4996696
UntilNoChange,5000,String,5058661
UntilNoChange,5000,String,5319534
UntilNoChange,5000,String,5230106
UntilNoChange,5000,String,5289082
UntilNoChange,5000,String,4963065
UntilNoChange,5000,String,5001089
UntilNoChange,5000,String,5442922
UntilNoChange,5000,String,5256767
UntilNoChange,5000,String,5160771
UntilNoChange,5000,String,5202118
UntilNoChange,5000,String,5096762
UntilNoChange,5000,String,5648831
UntilNoChange,5000,String,5128355
UntilNoChange,5000,String,5238807
UntilNoChange,5000,String,5701773
UntilNoChange,5000,String,5709427
UntilNoChange,5000,String,5150628
UntilNoChange,5000,String,5065153
UntilNoChange,5000,String,5487726
UntilNoChange,5000,String,5143814
UntilNoChange,5000,String,5023428
UntilNoChange,5000,String,5328376
UntilNoChange,5000,String,5169812
UntilNoChange,5000,String,5096318
UntilNoChange,5000,String,5277174
UntilNoChange,5000,String,5010669
UntilNoChange,5000,String,5071806
UntilNoChange,5000,String,5348073
UntilNoChange,5000,String,5077536
UntilNoChange,5000,String,5109645
UntilNoChange,5000,String,5101344
UntilNoChange,5000,String,5017068
UntilNoChange,5000,String,4991741
UntilNoChange,5000,String,5220589
UntilNoChange,5000,String,5470533
UntilNoChange,5000,String,5218931
UntilNoChange,5000,String,5147602
UntilNoChange,5000,String,5067319
UntilNoChange,5000,String,5311926
UntilNoChange,5000,String,5272626
UntilNoChange,5000,String,5446380
UntilNoChange,5000,String,5468598
UntilNoChange,5000,String,5086440
UntilNoChange,5000,String,5342522
UntilNoChange,5000,String,5436126
UntilNoChange,5000,String,5705761
UntilNoChange,5000,String,4866500
UntilNoChange,5000,String,4874252
UntilNoChange,5000,String,5374103
UntilNoChange,5000,String,5417300
UntilNoChange,5000,String,4949535
UntilNoChange,5000,String,5161120
UntilNoChange,5000,String,5661727
UntilNoChange,5000,String,5220486
UntilNoChange,5000,String,5355163
UntilNoChange,5000,String,5356345
UntilNoChange,5000,String,5066521
UntilNoChange,5000,String,4907790
UntilNoChange,5000,String,4821402
UntilNoChange,5000,String,5004372
UntilNoChange,5000,String,4974901
UntilNoChange,5000,String,5183546
UntilNoChange,5000,String,4973548
WhileNeeded,5000,String,5240391
WhileNeeded,5000,String,5426584
WhileNeeded,5000,String,5768500
WhileNeeded,5000,String,5411045
WhileNeeded,5000,String,5264941
WhileNeeded,5000,String,5467571
WhileNeeded,5000,String,5076439
WhileNeeded,5000,String,5363997
WhileNeeded,5000,String,4960997
WhileNeeded,5000,String,5542155
WhileNeeded,5000,String,5028921
WhileNeeded,5000,String,5159516
WhileNeeded,5000,String,5404914
WhileNeeded,5000,String,4994690
WhileNeeded,5000,String,4986619
WhileNeeded,5000,String,5014216
WhileNeeded,5000,String,5308593
WhileNeeded,5000,String,4942255
WhileNeeded,5000,String,5028031
WhileNeeded,5000,String,5523527
WhileNeeded,5000,String,5504162
WhileNeeded,5000,String,4915314
WhileNeeded,5000,String,4972755
WhileNeeded,5000,String,5433815
WhileNeeded,5000,String,5074139
WhileNeeded,5000,String,5172780
WhileNeeded,5000,String,5097910
WhileNeeded,5000,String,5348956
WhileNeeded,5000,String,5543395
WhileNeeded,5000,String,5084965
WhileNeeded,5000,String,4880398
WhileNeeded,5000,String,5865171
WhileNeeded,5000,String,5011368
WhileNeeded,5000,String,4872062
WhileNeeded,5000,String,5089602
WhileNeeded,5000,String,5130997
WhileNeeded,5000,String,5054318
WhileNeeded,5000,String,5014914
WhileNeeded,5000,String,5403704
WhileNeeded,5000,String,5196347
WhileNeeded,5000,String,5469578
WhileNeeded,5000,String,5012839
WhileNeeded,5000,String,4997275
WhileNeeded,5000,String,5440497
WhileNeeded,5000,String,5197726
WhileNeeded,5000,String,5161783
WhileNeeded,5000,String,5251614
WhileNeeded,5000,String,5036561
WhileNeeded,5000,String,5585497
WhileNeeded,5000,String,4927264
WhileNeeded,5000,String,5182200
WhileNeeded,5000,String,5613142
WhileNeeded,5000,String,5683688
WhileNeeded,5000,String,5089414
WhileNeeded,5000,String,5225997
WhileNeeded,5000,String,5433784
WhileNeeded,5000,String,5028324
WhileNeeded,5000,String,5025040
WhileNeeded,5000,String,5275548
WhileNeeded,5000,String,5093930
WhileNeeded,5000,String,5094408
WhileNeeded,5000,String,5373611
WhileNeeded,5000,String,5022694
WhileNeeded,5000,String,5025145
WhileNeeded,5000,String,5475006
WhileNeeded,5000,String,5031311
WhileNeeded,5000,String,5098006
WhileNeeded,5000,String,5121259
WhileNeeded,5000,String,5015823
WhileNeeded,5000,String,4963332
WhileNeeded,5000,String,5216251
WhileNeeded,5000,String,5518290
WhileNeeded,5000,String,5201452
WhileNeeded,5000,String,5180265
WhileNeeded,5000,String,4943564
WhileNeeded,5000,String,5222560
WhileNeeded,5000,String,5270312
WhileNeeded,5000,String,5505721
WhileNeeded,5000,String,5424275
WhileNeeded,5000,String,5102659
WhileNeeded,5000,String,5334204
WhileNeeded,5000,String,5443017
WhileNeeded,5000,String,5613854
WhileNeeded,5000,String,4882841
WhileNeeded,5000,String,4998481
WhileNeeded,5000,String,5379266
WhileNeeded,5000,String,5373555
WhileNeeded,5000,String,4932036
WhileNeeded,5000,String,5217078
WhileNeeded,5000,String,5635096
WhileNeeded,5000,String,5143661
WhileNeeded,5000,String,5349235
WhileNeeded,5000,String,5603806
WhileNeeded,5000,String,5023139
WhileNeeded,5000,String,4924968
WhileNeeded,5000,String,4924639
WhileNeeded,5000,String,5008499
WhileNeeded,5000,String,4843328
WhileNeeded,5000,String,5242819
WhileNeeded,5000,String,4960406
